{
	"credit": "Made with Blockbench",
	"texture_size": [64, 64],
	"textures": {
		"0": "custom/elitecreatures/wooden_pack/wooden_shield",
		"particle": "custom/elitecreatures/wooden_pack/wooden_shield"
	},
	"elements": [
		{
			"from": [7.25, 2.33333, 0.75],
			"to": [8.75, 11.33333, 2.25],
			"rotation": {"angle": 0, "axis": "y", "origin": [8.5, 7.93333, 8]},
			"faces": {
				"north": {"uv": [6.5, 1.5, 6.875, 3.75], "texture": "#0"},
				"east": {"uv": [6.5, 5.5, 6.875, 7.75], "texture": "#0"},
				"south": {"uv": [7, 1.5, 7.375, 3.75], "texture": "#0"},
				"west": {"uv": [2, 7, 2.375, 9.25], "texture": "#0"},
				"up": {"uv": [8.375, 4.875, 8, 4.5], "texture": "#0"},
				"down": {"uv": [8.875, 1.5, 8.5, 1.875], "texture": "#0"}
			}
		},
		{
			"from": [7.25, 0.33333, 6.25],
			"to": [8.75, 20.33333, 9.75],
			"rotation": {"angle": 0, "axis": "y", "origin": [8.5, 7.93333, 8]},
			"faces": {
				"north": {"uv": [0, 5, 0.375, 10], "texture": "#0"},
				"east": {"uv": [0, 0, 0.875, 5], "texture": "#0"},
				"south": {"uv": [5, 0, 5.375, 5], "texture": "#0"},
				"west": {"uv": [1, 0, 1.875, 5], "texture": "#0"},
				"up": {"uv": [4.875, 8.375, 4.5, 7.5], "texture": "#0"},
				"down": {"uv": [6.875, 7.75, 6.5, 8.625], "texture": "#0"}
			}
		},
		{
			"from": [7.25, 1.33333, 2.25],
			"to": [8.75, 16.33333, 5.75],
			"rotation": {"angle": 0, "axis": "y", "origin": [8.5, 7.93333, 8]},
			"faces": {
				"north": {"uv": [1.5, 5, 1.875, 8.75], "texture": "#0"},
				"east": {"uv": [4, 0, 4.875, 3.75], "texture": "#0"},
				"south": {"uv": [5, 5.5, 5.375, 9.25], "texture": "#0"},
				"west": {"uv": [4, 3.75, 4.875, 7.5], "texture": "#0"},
				"up": {"uv": [7.375, 8.625, 7, 7.75], "texture": "#0"},
				"down": {"uv": [7.875, 7.75, 7.5, 8.625], "texture": "#0"}
			}
		},
		{
			"from": [7.25, 16.33333, 3.25],
			"to": [8.75, 19.33333, 5.75],
			"rotation": {"angle": 0, "axis": "y", "origin": [8.5, 7.93333, 8]},
			"faces": {
				"north": {"uv": [5.5, 8.25, 5.875, 9], "texture": "#0"},
				"east": {"uv": [7.5, 6.25, 8.125, 7], "texture": "#0"},
				"south": {"uv": [6, 8.25, 6.375, 9], "texture": "#0"},
				"west": {"uv": [7.5, 7, 8.125, 7.75], "texture": "#0"},
				"up": {"uv": [8.625, 6.875, 8.25, 6.25], "texture": "#0"},
				"down": {"uv": [8.625, 7, 8.25, 7.625], "texture": "#0"}
			}
		},
		{
			"from": [7.25, 9.33333, 13.75],
			"to": [8.75, 18.33333, 15.25],
			"rotation": {"angle": 0, "axis": "y", "origin": [8.5, 7.93333, 8]},
			"faces": {
				"north": {"uv": [3, 7, 3.375, 9.25], "texture": "#0"},
				"east": {"uv": [3.5, 7, 3.875, 9.25], "texture": "#0"},
				"south": {"uv": [7, 5.5, 7.375, 7.75], "texture": "#0"},
				"west": {"uv": [7.5, 1.5, 7.875, 3.75], "texture": "#0"},
				"up": {"uv": [8.875, 2.375, 8.5, 2], "texture": "#0"},
				"down": {"uv": [8.875, 2.5, 8.5, 2.875], "texture": "#0"}
			}
		},
		{
			"from": [7.25, 2.33333, 10.25],
			"to": [8.75, 19.33333, 13.75],
			"rotation": {"angle": 0, "axis": "y", "origin": [8.5, 7.93333, 8]},
			"faces": {
				"north": {"uv": [0.5, 5, 0.875, 9.25], "texture": "#0"},
				"east": {"uv": [2, 0, 2.875, 4.25], "texture": "#0"},
				"south": {"uv": [1, 5, 1.375, 9.25], "texture": "#0"},
				"west": {"uv": [3, 0, 3.875, 4.25], "texture": "#0"},
				"up": {"uv": [8.375, 2.375, 8, 1.5], "texture": "#0"},
				"down": {"uv": [8.375, 2.5, 8, 3.375], "texture": "#0"}
			}
		},
		{
			"from": [10.25, 7.33333, 6.5],
			"to": [14, 11.83333, 9.5],
			"rotation": {"angle": 0, "axis": "y", "origin": [7.75, 7.93333, 8]},
			"faces": {
				"north": {"uv": [5.5, 1.5, 6.5, 2.625], "texture": "#0"},
				"east": {"uv": [6.5, 3.75, 7.25, 4.875], "texture": "#0"},
				"south": {"uv": [5.5, 2.75, 6.5, 3.875], "texture": "#0"},
				"west": {"uv": [7.25, 3.75, 8, 4.875], "texture": "#0"},
				"up": {"uv": [6.5, 4.75, 5.5, 4], "texture": "#0"},
				"down": {"uv": [8.5, 5.5, 7.5, 6.25], "texture": "#0"}
			}
		},
		{
			"from": [8, 12.14119, 2.55112],
			"to": [9, 14.14119, 16.05112],
			"rotation": {"angle": -22.5, "axis": "x", "origin": [7.25, 10, 8]},
			"faces": {
				"north": {"uv": [8.5, 3, 8.75, 3.5], "texture": "#0"},
				"east": {"uv": [5, 5, 8.375, 5.5], "texture": "#0"},
				"south": {"uv": [8.5, 3.5, 8.75, 4], "texture": "#0"},
				"west": {"uv": [5.5, 0, 8.875, 0.5], "texture": "#0"},
				"up": {"uv": [2.75, 10.375, 2.5, 7], "texture": "#0"},
				"down": {"uv": [3, 7, 2.75, 10.375], "texture": "#0"}
			}
		},
		{
			"from": [8, 5.4, 0.5],
			"to": [9, 7.4, 14],
			"rotation": {"angle": 0, "axis": "y", "origin": [7.25, 10, 8]},
			"faces": {
				"north": {"uv": [8.5, 4, 8.75, 4.5], "texture": "#0"},
				"east": {"uv": [5.5, 0.5, 8.875, 1], "texture": "#0"},
				"south": {"uv": [4.5, 8.5, 4.75, 9], "texture": "#0"},
				"west": {"uv": [5.5, 1, 8.875, 1.5], "texture": "#0"},
				"up": {"uv": [4.25, 10.875, 4, 7.5], "texture": "#0"},
				"down": {"uv": [4.5, 7.5, 4.25, 10.875], "texture": "#0"}
			}
		},
		{
			"from": [8.75, 4.33333, 6.25],
			"to": [10.25, 15.33333, 9.75],
			"rotation": {"angle": 0, "axis": "y", "origin": [7.75, 7.93333, 8]},
			"faces": {
				"north": {"uv": [5.5, 5.5, 5.875, 8.25], "texture": "#0"},
				"east": {"uv": [2, 4.25, 2.875, 7], "texture": "#0"},
				"south": {"uv": [6, 5.5, 6.375, 8.25], "texture": "#0"},
				"west": {"uv": [3, 4.25, 3.875, 7], "texture": "#0"},
				"up": {"uv": [8.375, 4.375, 8, 3.5], "texture": "#0"},
				"down": {"uv": [8.375, 7.75, 8, 8.625], "texture": "#0"}
			}
		}
	],
	"gui_light": "front",
	"display": {
		"thirdperson_righthand": {
			"rotation": [0, -180, 0],
			"translation": [3.75, -3.5, 4]
		},
		"thirdperson_lefthand": {
			"translation": [3.75, -3.5, 4]
		},
		"firstperson_righthand": {
			"rotation": [0, -90, 0],
			"translation": [-2.25, 0, 2.5],
			"scale": [0.73828, 0.73828, 0.73828]
		},
		"firstperson_lefthand": {
			"rotation": [0, 90, 0],
			"translation": [-2.25, 0, 2.5],
			"scale": [0.73828, 0.73828, 0.73828]
		},
		"ground": {
			"rotation": [0, 0, -78],
			"translation": [-2, 0.75, 0]
		},
		"gui": {
			"rotation": [90, 83, -90],
			"translation": [0, -2, -2],
			"scale": [0.75586, 0.75586, 0.75586]
		},
		"head": {
			"rotation": [80.17, -44.78, 68.26],
			"translation": [1.5, 15, 0]
		},
		"fixed": {
			"rotation": [-52.79, -86.65, -79.08],
			"translation": [-2, -3.25, -12.75],
			"scale": [1.94336, 1.94336, 1.94336]
		}
	},
	"groups": [
		{
			"name": "group",
			"origin": [8.5, 7.93333, 8],
			"color": 0,
			"nbt": "{}",
			"armAnimationEnabled": false,
			"children": [0, 1, 2, 3, 4, 5, 6, 7, 8, 9]
		}
	]
}