{
    "parent":"item/handheld",
    "textures":{
        "layer0":"item/diamond_hoe"
    },
    "overrides":[
        { "predicate": { "custom_model_data": 50001}, "model": "item/toolskins/allay/hoe"},
        { "predicate": { "custom_model_data": 50002}, "model": "item/toolskins/atlantis/hoe"},
        { "predicate": { "custom_model_data": 50003}, "model": "item/toolskins/blaze/hoe"},
        { "predicate": { "custom_model_data": 50004}, "model": "item/toolskins/bubblegum/hoe"},
        { "predicate": { "custom_model_data": 50005}, "model": "item/toolskins/candy/hoe"},
        { "predicate": { "custom_model_data": 50006}, "model": "item/toolskins/dark/hoe"},
        { "predicate": { "custom_model_data": 50007}, "model": "item/toolskins/emperor/hoe"},
        { "predicate": { "custom_model_data": 50008}, "model": "item/toolskins/fire/hoe"},
        { "predicate": { "custom_model_data": 50009}, "model": "item/toolskins/ice/hoe"},
        { "predicate": { "custom_model_data": 50010}, "model": "item/toolskins/infernal/hoe"},
        { "predicate": { "custom_model_data": 50011}, "model": "item/toolskins/luck/hoe"},
        { "predicate": { "custom_model_data": 50012}, "model": "item/toolskins/magic/hoe"},
        { "predicate": { "custom_model_data": 50013}, "model": "item/toolskins/magma/hoe"},
        { "predicate": { "custom_model_data": 50014}, "model": "item/toolskins/pinkiron/hoe"},
        { "predicate": { "custom_model_data": 50015}, "model": "item/toolskins/power/hoe"},
        { "predicate": { "custom_model_data": 50016}, "model": "item/toolskins/red/hoe"},
        { "predicate": { "custom_model_data": 50017}, "model": "item/toolskins/sapphire/hoe"},
        { "predicate": { "custom_model_data": 50018}, "model": "item/toolskins/silver/hoe"},
        { "predicate": { "custom_model_data": 50019}, "model": "item/toolskins/sky/hoe"},
        { "predicate": { "custom_model_data": 50020}, "model": "item/toolskins/skylord/hoe"},
        { "predicate": { "custom_model_data": 50021}, "model": "item/toolskins/tech/hoe"},
	{ "predicate": { "custom_model_data": 50022}, "model": "item/toolskins/pixie/hoe"},
	{ "predicate": { "custom_model_data": 50023}, "model": "item/toolskins/christmas/hoe"},
	{ "predicate": { "custom_model_data": 50024}, "model": "item/toolskins/colossus/hoe"},
	{ "predicate": { "custom_model_data": 50025}, "model": "item/toolskins/alien/hoe"},
        { "predicate": { "custom_model_data": 50026}, "model": "item/toolskins/amethyst/hoe"},
        { "predicate": { "custom_model_data": 50027}, "model": "item/toolskins/coal/hoe"},
	{ "predicate": { "custom_model_data": 50028}, "model": "item/toolskins/color/hoe"},
        { "predicate": { "custom_model_data": 50029}, "model": "item/toolskins/copper/hoe"},
	{ "predicate": { "custom_model_data": 50030}, "model": "item/toolskins/demon/hoe"},	
	{ "predicate": { "custom_model_data": 50031}, "model": "item/toolskins/diamonds/hoe"},
	{ "predicate": { "custom_model_data": 50032}, "model": "item/toolskins/emeralds/hoe"},
	{ "predicate": { "custom_model_data": 50033}, "model": "item/toolskins/golden/hoe"},
	{ "predicate": { "custom_model_data": 50034}, "model": "item/toolskins/goldy/hoe"},
	{ "predicate": { "custom_model_data": 50035}, "model": "item/toolskins/pearl/hoe"},
	{ "predicate": { "custom_model_data": 50036}, "model": "item/toolskins/ruby/hoe"},
	{ "predicate": { "custom_model_data": 50037}, "model": "item/toolskins/sapphires/hoe"},
	{ "predicate": { "custom_model_data": 50038}, "model": "item/toolskins/silvers/hoe"},
	{ "predicate": { "custom_model_data": 50039}, "model": "item/toolskins/void/hoe"},
	{ "predicate": { "custom_model_data": 50040}, "model": "item/toolskins/almighty/hoe"},
	{ "predicate": { "custom_model_data": 50041}, "model": "item/toolskins/frosted/hoe"},
	{ "predicate": { "custom_model_data": 50042}, "model": "item/toolskins/lava/hoe"},
	{ "predicate": { "custom_model_data": 50043}, "model": "item/toolskins/galaxy/hoe"},
    { "predicate": { "custom_model_data": 50044}, "model": "item/toolskins/grass/hoe"},
    { "predicate": { "custom_model_data": 50045}, "model": "item/toolskins/flame/hoe"}, 
    { "predicate": { "custom_model_data": 50046}, "model": "item/toolskins/kryptonite/hoe"}    
    ]
}