{
    "parent":"item/handheld",
    "textures":{
        "layer0":"item/diamond_axe"
    },
    "overrides":[
        { "predicate": { "custom_model_data": 50001}, "model": "item/toolskins/allay/axe"},
        { "predicate": { "custom_model_data": 50002}, "model": "item/toolskins/atlantis/axe"},
        { "predicate": { "custom_model_data": 50003}, "model": "item/toolskins/blaze/axe"},
        { "predicate": { "custom_model_data": 50004}, "model": "item/toolskins/bubblegum/axe"},
        { "predicate": { "custom_model_data": 50005}, "model": "item/toolskins/candy/axe"},
        { "predicate": { "custom_model_data": 50006}, "model": "item/toolskins/dark/axe"},
        { "predicate": { "custom_model_data": 50007}, "model": "item/toolskins/emperor/axe"},
        { "predicate": { "custom_model_data": 50008}, "model": "item/toolskins/fire/axe"},
        { "predicate": { "custom_model_data": 50009}, "model": "item/toolskins/ice/axe"},
        { "predicate": { "custom_model_data": 50010}, "model": "item/toolskins/infernal/axe"},
        { "predicate": { "custom_model_data": 50011}, "model": "item/toolskins/luck/axe"},
        { "predicate": { "custom_model_data": 50012}, "model": "item/toolskins/magic/axe"},
        { "predicate": { "custom_model_data": 50013}, "model": "item/toolskins/magma/axe"},
        { "predicate": { "custom_model_data": 50014}, "model": "item/toolskins/pinkiron/axe"},
        { "predicate": { "custom_model_data": 50015}, "model": "item/toolskins/power/axe"},
        { "predicate": { "custom_model_data": 50016}, "model": "item/toolskins/red/axe"},
        { "predicate": { "custom_model_data": 50017}, "model": "item/toolskins/sapphire/axe"},
        { "predicate": { "custom_model_data": 50018}, "model": "item/toolskins/silver/axe"},
        { "predicate": { "custom_model_data": 50019}, "model": "item/toolskins/sky/axe"},
        { "predicate": { "custom_model_data": 50020}, "model": "item/toolskins/skylord/axe"},
        { "predicate": { "custom_model_data": 50021}, "model": "item/toolskins/tech/axe"},
	{ "predicate": { "custom_model_data": 50022}, "model": "item/toolskins/pixie/axe"},
	{ "predicate": { "custom_model_data": 50023}, "model": "item/toolskins/christmas/axe"},
	{ "predicate": { "custom_model_data": 50024}, "model": "item/toolskins/colossus/axe"},
	{ "predicate": { "custom_model_data": 50025}, "model": "item/toolskins/alien/axe"},
        { "predicate": { "custom_model_data": 50026}, "model": "item/toolskins/amethyst/axe"},
        { "predicate": { "custom_model_data": 50027}, "model": "item/toolskins/coal/axe"},
	{ "predicate": { "custom_model_data": 50028}, "model": "item/toolskins/color/axe"},
        { "predicate": { "custom_model_data": 50029}, "model": "item/toolskins/copper/axe"},
	{ "predicate": { "custom_model_data": 50030}, "model": "item/toolskins/demon/axe"},	
	{ "predicate": { "custom_model_data": 50031}, "model": "item/toolskins/diamonds/axe"},
	{ "predicate": { "custom_model_data": 50032}, "model": "item/toolskins/emeralds/axe"},
	{ "predicate": { "custom_model_data": 50033}, "model": "item/toolskins/golden/axe"},
	{ "predicate": { "custom_model_data": 50034}, "model": "item/toolskins/goldy/axe"},
	{ "predicate": { "custom_model_data": 50035}, "model": "item/toolskins/pearl/axe"},
	{ "predicate": { "custom_model_data": 50036}, "model": "item/toolskins/ruby/axe"},
	{ "predicate": { "custom_model_data": 50037}, "model": "item/toolskins/sapphires/axe"},
	{ "predicate": { "custom_model_data": 50038}, "model": "item/toolskins/silvers/axe"},
	{ "predicate": { "custom_model_data": 50039}, "model": "item/toolskins/void/axe"},
	{ "predicate": { "custom_model_data": 50040}, "model": "item/toolskins/almighty/axe"},
	{ "predicate": { "custom_model_data": 50041}, "model": "item/toolskins/frosted/axe"},
	{ "predicate": { "custom_model_data": 50042}, "model": "item/toolskins/lava/axe"},
	{ "predicate": { "custom_model_data": 50043}, "model": "item/toolskins/galaxy/axe"},
    { "predicate": { "custom_model_data": 50044}, "model": "item/toolskins/grass/axe"},
    { "predicate": { "custom_model_data": 50045}, "model": "item/toolskins/flame/axe"}, 
    { "predicate": { "custom_model_data": 50046}, "model": "item/toolskins/kryptonite/axe"}    
    ]
}