{
    "parent":"item/handheld",
    "textures":{
        "layer0":"item/netherite_pickaxe"
    },
    "overrides":[
        { "predicate": { "custom_model_data": 50001}, "model": "item/toolskins/allay/pickaxe"},
        { "predicate": { "custom_model_data": 50002}, "model": "item/toolskins/atlantis/pickaxe"},
        { "predicate": { "custom_model_data": 50003}, "model": "item/toolskins/blaze/pickaxe"},
        { "predicate": { "custom_model_data": 50004}, "model": "item/toolskins/bubblegum/pickaxe"},
        { "predicate": { "custom_model_data": 50005}, "model": "item/toolskins/candy/pickaxe"},
        { "predicate": { "custom_model_data": 50006}, "model": "item/toolskins/dark/pickaxe"},
        { "predicate": { "custom_model_data": 50007}, "model": "item/toolskins/emperor/pickaxe"},
        { "predicate": { "custom_model_data": 50008}, "model": "item/toolskins/fire/pickaxe"},
        { "predicate": { "custom_model_data": 50009}, "model": "item/toolskins/ice/pickaxe"},
        { "predicate": { "custom_model_data": 50010}, "model": "item/toolskins/infernal/pickaxe"},
        { "predicate": { "custom_model_data": 50011}, "model": "item/toolskins/luck/pickaxe"},
        { "predicate": { "custom_model_data": 50012}, "model": "item/toolskins/magic/pickaxe"},
        { "predicate": { "custom_model_data": 50013}, "model": "item/toolskins/magma/pickaxe"},
        { "predicate": { "custom_model_data": 50014}, "model": "item/toolskins/pinkiron/pickaxe"},
        { "predicate": { "custom_model_data": 50015}, "model": "item/toolskins/power/pickaxe"},
        { "predicate": { "custom_model_data": 50016}, "model": "item/toolskins/red/pickaxe"},
        { "predicate": { "custom_model_data": 50017}, "model": "item/toolskins/sapphire/pickaxe"},
        { "predicate": { "custom_model_data": 50018}, "model": "item/toolskins/silver/pickaxe"},
        { "predicate": { "custom_model_data": 50019}, "model": "item/toolskins/sky/pickaxe"},
        { "predicate": { "custom_model_data": 50020}, "model": "item/toolskins/skylord/pickaxe"},
        { "predicate": { "custom_model_data": 50021}, "model": "item/toolskins/tech/pickaxe"},
	{ "predicate": { "custom_model_data": 50022}, "model": "item/toolskins/pixie/pickaxe"},
	{ "predicate": { "custom_model_data": 50023}, "model": "item/toolskins/christmas/pickaxe"},
	{ "predicate": { "custom_model_data": 50024}, "model": "item/toolskins/colossus/pickaxe"},
	{ "predicate": { "custom_model_data": 50025}, "model": "item/toolskins/alien/pickaxe"},
        { "predicate": { "custom_model_data": 50026}, "model": "item/toolskins/amethyst/pickaxe"},
        { "predicate": { "custom_model_data": 50027}, "model": "item/toolskins/coal/pickaxe"},
	{ "predicate": { "custom_model_data": 50028}, "model": "item/toolskins/color/pickaxe"},
        { "predicate": { "custom_model_data": 50029}, "model": "item/toolskins/copper/pickaxe"},
	{ "predicate": { "custom_model_data": 50030}, "model": "item/toolskins/demon/pickaxe"},	
	{ "predicate": { "custom_model_data": 50031}, "model": "item/toolskins/diamonds/pickaxe"},
	{ "predicate": { "custom_model_data": 50032}, "model": "item/toolskins/emeralds/pickaxe"},
	{ "predicate": { "custom_model_data": 50033}, "model": "item/toolskins/golden/pickaxe"},
	{ "predicate": { "custom_model_data": 50034}, "model": "item/toolskins/goldy/pickaxe"},
	{ "predicate": { "custom_model_data": 50035}, "model": "item/toolskins/pearl/pickaxe"},
	{ "predicate": { "custom_model_data": 50036}, "model": "item/toolskins/ruby/pickaxe"},
	{ "predicate": { "custom_model_data": 50037}, "model": "item/toolskins/sapphires/pickaxe"},
	{ "predicate": { "custom_model_data": 50038}, "model": "item/toolskins/silvers/pickaxe"},
	{ "predicate": { "custom_model_data": 50039}, "model": "item/toolskins/void/pickaxe"},
    { "predicate": { "custom_model_data": 50040}, "model": "item/toolskins/almighty/pickaxe"},
	{ "predicate": { "custom_model_data": 50041}, "model": "item/toolskins/frosted/pickaxe"},
	{ "predicate": { "custom_model_data": 50042}, "model": "item/toolskins/lava/pickaxe"},
	{ "predicate": { "custom_model_data": 50043}, "model": "item/toolskins/galaxy/pickaxe"},
    { "predicate": { "custom_model_data": 50044}, "model": "item/toolskins/grass/pickaxe"},
    { "predicate": { "custom_model_data": 50045}, "model": "item/toolskins/flame/pickaxe"}, 
    { "predicate": { "custom_model_data": 50046}, "model": "item/toolskins/kryptonite/pickaxe"}    
    ]
}