{
    "parent":"item/handheld",
    "textures":{
        "layer0":"item/netherite_sword"
    },
    "overrides":[
        { "predicate": { "custom_model_data": 50001}, "model": "item/toolskins/allay/sword"},
        { "predicate": { "custom_model_data": 50002}, "model": "item/toolskins/atlantis/sword"},
        { "predicate": { "custom_model_data": 50003}, "model": "item/toolskins/blaze/sword"},
        { "predicate": { "custom_model_data": 50004}, "model": "item/toolskins/bubblegum/sword"},
        { "predicate": { "custom_model_data": 50005}, "model": "item/toolskins/candy/sword"},
        { "predicate": { "custom_model_data": 50006}, "model": "item/toolskins/dark/sword"},
        { "predicate": { "custom_model_data": 50007}, "model": "item/toolskins/emperor/sword"},
        { "predicate": { "custom_model_data": 50008}, "model": "item/toolskins/fire/sword"},
        { "predicate": { "custom_model_data": 50009}, "model": "item/toolskins/ice/sword"},
        { "predicate": { "custom_model_data": 50010}, "model": "item/toolskins/infernal/sword"},
        { "predicate": { "custom_model_data": 50011}, "model": "item/toolskins/luck/sword"},
        { "predicate": { "custom_model_data": 50012}, "model": "item/toolskins/magic/sword"},
        { "predicate": { "custom_model_data": 50013}, "model": "item/toolskins/magma/sword"},
        { "predicate": { "custom_model_data": 50014}, "model": "item/toolskins/pinkiron/sword"},
        { "predicate": { "custom_model_data": 50015}, "model": "item/toolskins/power/sword"},
        { "predicate": { "custom_model_data": 50016}, "model": "item/toolskins/red/sword"},
        { "predicate": { "custom_model_data": 50017}, "model": "item/toolskins/sapphire/sword"},
        { "predicate": { "custom_model_data": 50018}, "model": "item/toolskins/silver/sword"},
        { "predicate": { "custom_model_data": 50019}, "model": "item/toolskins/sky/sword"},
        { "predicate": { "custom_model_data": 50020}, "model": "item/toolskins/skylord/sword"},
        { "predicate": { "custom_model_data": 50021}, "model": "item/toolskins/tech/sword"},
	{ "predicate": { "custom_model_data": 50022}, "model": "item/toolskins/pixie/sword"},
	{ "predicate": { "custom_model_data": 50023}, "model": "item/toolskins/christmas/sword"},
	{ "predicate": { "custom_model_data": 50024}, "model": "item/toolskins/colossus/sword"},
        { "predicate": { "custom_model_data": 50025}, "model": "item/toolskins/alien/sword"},
        { "predicate": { "custom_model_data": 50026}, "model": "item/toolskins/amethyst/sword"},
        { "predicate": { "custom_model_data": 50027}, "model": "item/toolskins/coal/sword"},
	{ "predicate": { "custom_model_data": 50028}, "model": "item/toolskins/color/sword"},
        { "predicate": { "custom_model_data": 50029}, "model": "item/toolskins/copper/sword"},
	{ "predicate": { "custom_model_data": 50030}, "model": "item/toolskins/demon/sword"},	
	{ "predicate": { "custom_model_data": 50031}, "model": "item/toolskins/diamonds/sword"},
	{ "predicate": { "custom_model_data": 50032}, "model": "item/toolskins/emeralds/sword"},
	{ "predicate": { "custom_model_data": 50033}, "model": "item/toolskins/golden/sword"},
	{ "predicate": { "custom_model_data": 50034}, "model": "item/toolskins/goldy/sword"},
	{ "predicate": { "custom_model_data": 50035}, "model": "item/toolskins/pearl/sword"},
	{ "predicate": { "custom_model_data": 50036}, "model": "item/toolskins/ruby/sword"},
	{ "predicate": { "custom_model_data": 50037}, "model": "item/toolskins/sapphires/sword"},
	{ "predicate": { "custom_model_data": 50038}, "model": "item/toolskins/silvers/sword"},
	{ "predicate": { "custom_model_data": 50039}, "model": "item/toolskins/void/sword"},
    { "predicate": { "custom_model_data": 50040}, "model": "item/toolskins/almighty/sword"},
	{ "predicate": { "custom_model_data": 50041}, "model": "item/toolskins/frosted/sword"},
	{ "predicate": { "custom_model_data": 50042}, "model": "item/toolskins/lava/sword"},
	{ "predicate": { "custom_model_data": 50043}, "model": "item/toolskins/galaxy/sword"},      
    { "predicate": { "custom_model_data": 50044}, "model": "item/toolskins/grass/sword"},
    { "predicate": { "custom_model_data": 50045}, "model": "item/toolskins/flame/sword"}, 
    { "predicate": { "custom_model_data": 50046}, "model": "item/toolskins/kryptonite/sword"}      
    ]
}