{
	"credit": "Made with Blockbench",
	"parent": "nocsy_drakonin_baby_head1",
	"texture_size": [256, 256],
	"textures": {
		"1": "nocsy/nocsy_drakonin_baby"
	},
	"elements": [
		{
			"from": [5.5, 5.41018, 4.87073],
			"to": [10.5, 10.41018, 9.87073],
			"rotation": {"angle": 0, "axis": "y", "origin": [8.53, 7.61058, 7.41573]},
			"faces": {
				"north": {"uv": [6.25, 0, 6.875, 0.625], "texture": "#1"},
				"east": {"uv": [6.25, 0.75, 6.875, 1.375], "texture": "#1"},
				"south": {"uv": [6.25, 1.5, 6.875, 2.125], "texture": "#1"},
				"west": {"uv": [6.25, 2.25, 6.875, 2.875], "texture": "#1"},
				"up": {"uv": [6.875, 3.625, 6.25, 3], "texture": "#1"},
				"down": {"uv": [6.875, 3.75, 6.25, 4.375], "texture": "#1"}
			}
		},
		{
			"from": [5.4265, 6.11018, 4.64173],
			"to": [5.4265, 10.11018, 5.64173],
			"rotation": {"angle": 0, "axis": "y", "origin": [8, 7.81058, 7.41573]},
			"faces": {
				"north": {"uv": [4.5, 10.5, 4.5, 11], "texture": "#1"},
				"east": {"uv": [5, 10.25, 4.875, 10.75], "texture": "#1"},
				"south": {"uv": [0.5, 10.625, 0.5, 11.125], "texture": "#1"},
				"west": {"uv": [10.375, 3, 10.25, 3.5], "texture": "#1"},
				"up": {"uv": [9.375, 2.875, 9.375, 2.75], "texture": "#1"},
				"down": {"uv": [9.375, 3, 9.375, 3.125], "texture": "#1"}
			}
		},
		{
			"from": [5.7255, 6.51018, 4.61673],
			"to": [7.7255, 8.51018, 4.61673],
			"rotation": {"angle": 0, "axis": "y", "origin": [4.66389, 7.81058, 7.10763]},
			"faces": {
				"north": {"uv": [10.5, 5.5, 10.25, 5.75], "texture": "#1"},
				"east": {"uv": [5.75, 10, 5.75, 10.25], "texture": "#1"},
				"south": {"uv": [10.5, 6.75, 10.25, 7], "texture": "#1"},
				"west": {"uv": [8.25, 9.375, 8.25, 9.625], "texture": "#1"},
				"up": {"uv": [10.5, 5.375, 10.75, 5.375], "texture": "#1"},
				"down": {"uv": [10.625, 0, 10.875, 0], "texture": "#1"}
			}
		},
		{
			"from": [4.59339, 7.39523, 4.56134],
			"to": [7.59339, 11.39523, 4.56134],
			"rotation": {"angle": 0, "axis": "y", "origin": [4.71839, 10.51018, 5.29884]},
			"faces": {
				"north": {"uv": [6.25, 7.75, 5.875, 8.25], "texture": "#1"},
				"east": {"uv": [0.75, 10.625, 0.75, 11.125], "texture": "#1"},
				"south": {"uv": [6.75, 7.75, 6.375, 8.25], "texture": "#1"},
				"west": {"uv": [0.625, 10.625, 0.625, 11.125], "texture": "#1"},
				"up": {"uv": [10.625, 0.125, 11, 0.125], "texture": "#1"},
				"down": {"uv": [10.625, 0.25, 11, 0.25], "texture": "#1"}
			}
		},
		{
			"from": [5.4255, 6.11018, 4.64173],
			"to": [8.4255, 10.11018, 4.64173],
			"rotation": {"angle": 0, "axis": "y", "origin": [5.26389, 7.81058, 7.10763]},
			"faces": {
				"north": {"uv": [7.25, 7.75, 6.875, 8.25], "texture": "#1"},
				"east": {"uv": [1, 10.625, 1, 11.125], "texture": "#1"},
				"south": {"uv": [6.875, 7.75, 7.25, 8.25], "texture": "#1"},
				"west": {"uv": [0.875, 10.625, 0.875, 11.125], "texture": "#1"},
				"up": {"uv": [10.625, 2.625, 11, 2.625], "texture": "#1"},
				"down": {"uv": [10.625, 2.75, 11, 2.75], "texture": "#1"}
			}
		},
		{
			"from": [4.6255, 7.71018, 4.54173],
			"to": [6.6255, 11.71018, 4.54173],
			"rotation": {"angle": 0, "axis": "y", "origin": [5.7255, 10.41018, 4.59173]},
			"faces": {
				"north": {"uv": [9.5, 4.25, 9.25, 4.75], "texture": "#1"},
				"east": {"uv": [1.25, 10.625, 1.25, 11.125], "texture": "#1"},
				"south": {"uv": [9.5, 4.875, 9.25, 5.375], "texture": "#1"},
				"west": {"uv": [1.125, 10.625, 1.125, 11.125], "texture": "#1"},
				"up": {"uv": [2.125, 10.625, 2.375, 10.625], "texture": "#1"},
				"down": {"uv": [10.625, 2.875, 10.875, 2.875], "texture": "#1"}
			}
		},
		{
			"from": [5.8255, 8.08518, 4.59173],
			"to": [6.1255, 8.38518, 4.59173],
			"rotation": {"angle": 0, "axis": "y", "origin": [4.66389, 7.81058, 7.10763]},
			"faces": {
				"north": {"uv": [8.625, 4.25, 8.5, 4.375], "texture": "#1"},
				"east": {"uv": [9.5, 0.75, 9.5, 0.875], "texture": "#1"},
				"south": {"uv": [3.25, 8.875, 3.125, 9], "texture": "#1"},
				"west": {"uv": [0.375, 9.5, 0.375, 9.625], "texture": "#1"},
				"up": {"uv": [7.75, 4.375, 7.875, 4.375], "texture": "#1"},
				"down": {"uv": [1.625, 8.25, 1.75, 8.25], "texture": "#1"}
			}
		},
		{
			"from": [9.4745, 8.08518, 4.59173],
			"to": [9.7745, 8.38518, 4.59173],
			"rotation": {"angle": 0, "axis": "y", "origin": [11.33611, 7.81058, 7.10763]},
			"faces": {
				"north": {"uv": [8.5, 4.25, 8.625, 4.375], "texture": "#1"},
				"east": {"uv": [0.375, 9.5, 0.375, 9.625], "texture": "#1"},
				"south": {"uv": [3.125, 8.875, 3.25, 9], "texture": "#1"},
				"west": {"uv": [9.5, 0.75, 9.5, 0.875], "texture": "#1"},
				"up": {"uv": [7.875, 4.375, 7.75, 4.375], "texture": "#1"},
				"down": {"uv": [1.75, 8.25, 1.625, 8.25], "texture": "#1"}
			}
		},
		{
			"from": [9.3745, 7.71018, 4.54173],
			"to": [11.3745, 11.71018, 4.54173],
			"rotation": {"angle": 0, "axis": "y", "origin": [10.2745, 10.41018, 4.59173]},
			"faces": {
				"north": {"uv": [9.25, 4.25, 9.5, 4.75], "texture": "#1"},
				"east": {"uv": [1.125, 10.625, 1.125, 11.125], "texture": "#1"},
				"south": {"uv": [9.25, 4.875, 9.5, 5.375], "texture": "#1"},
				"west": {"uv": [1.25, 10.625, 1.25, 11.125], "texture": "#1"},
				"up": {"uv": [2.375, 10.625, 2.125, 10.625], "texture": "#1"},
				"down": {"uv": [10.875, 2.875, 10.625, 2.875], "texture": "#1"}
			}
		},
		{
			"from": [7.5745, 6.11018, 4.64173],
			"to": [10.5745, 10.11018, 4.64173],
			"rotation": {"angle": 0, "axis": "y", "origin": [10.73611, 7.81058, 7.10763]},
			"faces": {
				"north": {"uv": [6.875, 7.75, 7.25, 8.25], "texture": "#1"},
				"east": {"uv": [0.875, 10.625, 0.875, 11.125], "texture": "#1"},
				"south": {"uv": [7.25, 7.75, 6.875, 8.25], "texture": "#1"},
				"west": {"uv": [1, 10.625, 1, 11.125], "texture": "#1"},
				"up": {"uv": [11, 2.625, 10.625, 2.625], "texture": "#1"},
				"down": {"uv": [11, 2.75, 10.625, 2.75], "texture": "#1"}
			}
		},
		{
			"from": [8.40661, 7.39523, 4.56134],
			"to": [11.40661, 11.39523, 4.56134],
			"rotation": {"angle": 0, "axis": "y", "origin": [11.28161, 10.51018, 5.29884]},
			"faces": {
				"north": {"uv": [5.875, 7.75, 6.25, 8.25], "texture": "#1"},
				"east": {"uv": [0.625, 10.625, 0.625, 11.125], "texture": "#1"},
				"south": {"uv": [6.375, 7.75, 6.75, 8.25], "texture": "#1"},
				"west": {"uv": [0.75, 10.625, 0.75, 11.125], "texture": "#1"},
				"up": {"uv": [11, 0.125, 10.625, 0.125], "texture": "#1"},
				"down": {"uv": [11, 0.25, 10.625, 0.25], "texture": "#1"}
			}
		},
		{
			"from": [8.2745, 6.51018, 4.61673],
			"to": [10.2745, 8.51018, 4.61673],
			"rotation": {"angle": 0, "axis": "y", "origin": [11.33611, 7.81058, 7.10763]},
			"faces": {
				"north": {"uv": [10.25, 5.5, 10.5, 5.75], "texture": "#1"},
				"east": {"uv": [8.25, 9.375, 8.25, 9.625], "texture": "#1"},
				"south": {"uv": [10.25, 6.75, 10.5, 7], "texture": "#1"},
				"west": {"uv": [5.75, 10, 5.75, 10.25], "texture": "#1"},
				"up": {"uv": [10.75, 5.375, 10.5, 5.375], "texture": "#1"},
				"down": {"uv": [10.875, 0, 10.625, 0], "texture": "#1"}
			}
		},
		{
			"from": [10.5735, 6.11018, 4.64173],
			"to": [10.5735, 10.11018, 5.64173],
			"rotation": {"angle": 0, "axis": "y", "origin": [8, 7.81058, 7.41573]},
			"faces": {
				"north": {"uv": [4.5, 10.5, 4.5, 11], "texture": "#1"},
				"east": {"uv": [10.25, 3, 10.375, 3.5], "texture": "#1"},
				"south": {"uv": [0.5, 10.625, 0.5, 11.125], "texture": "#1"},
				"west": {"uv": [4.875, 10.25, 5, 10.75], "texture": "#1"},
				"up": {"uv": [9.375, 2.875, 9.375, 2.75], "texture": "#1"},
				"down": {"uv": [9.375, 3, 9.375, 3.125], "texture": "#1"}
			}
		},
		{
			"from": [5.07219, 9.30371, 8.07864],
			"to": [7.07219, 11.30371, 12.07864],
			"rotation": {"angle": -45, "axis": "x", "origin": [7.08397, 8.87872, 10.36442]},
			"faces": {
				"north": {"uv": [10.25, 7.125, 10.5, 7.375], "texture": "#1"},
				"east": {"uv": [5.375, 9.25, 5.875, 9.5], "texture": "#1"},
				"south": {"uv": [10.25, 7.5, 10.5, 7.75], "texture": "#1"},
				"west": {"uv": [0.5, 9.375, 1, 9.625], "texture": "#1"},
				"up": {"uv": [6.25, 9.75, 6, 9.25], "texture": "#1"},
				"down": {"uv": [8.625, 9.25, 8.375, 9.75], "texture": "#1"}
			}
		},
		{
			"from": [6.08226, 8.9231, 11.47864],
			"to": [6.08226, 11.6231, 15.47864],
			"rotation": {"angle": -45, "axis": "x", "origin": [7.08397, 8.87872, 10.36442]},
			"faces": {
				"north": {"uv": [1.375, 10.625, 1.375, 11], "texture": "#1"},
				"east": {"uv": [0, 7.125, 0.5, 7.5], "texture": "#1"},
				"south": {"uv": [2.875, 10.625, 2.875, 11], "texture": "#1"},
				"west": {"uv": [7.875, 5.875, 8.375, 6.25], "texture": "#1"},
				"up": {"uv": [3, 11.125, 3, 10.625], "texture": "#1"},
				"down": {"uv": [10.625, 3, 10.625, 3.5], "texture": "#1"}
			}
		},
		{
			"from": [4.69747, 10.30789, 11.47864],
			"to": [7.49747, 10.30789, 15.47864],
			"rotation": {"angle": -45, "axis": "x", "origin": [7.08397, 8.87872, 10.36442]},
			"faces": {
				"north": {"uv": [3.375, 10.625, 3.75, 10.625], "texture": "#1"},
				"east": {"uv": [10.625, 5, 11.125, 5], "texture": "#1"},
				"south": {"uv": [5.125, 10.625, 5.5, 10.625], "texture": "#1"},
				"west": {"uv": [10.625, 5.125, 11.125, 5.125], "texture": "#1"},
				"up": {"uv": [8.25, 7.625, 7.875, 7.125], "texture": "#1"},
				"down": {"uv": [8.25, 7.75, 7.875, 8.25], "texture": "#1"}
			}
		},
		{
			"from": [8.92781, 9.30371, 8.07864],
			"to": [10.92781, 11.30371, 12.07864],
			"rotation": {"angle": -45, "axis": "x", "origin": [8.91603, 8.87872, 10.36442]},
			"faces": {
				"north": {"uv": [10.5, 7.125, 10.25, 7.375], "texture": "#1"},
				"east": {"uv": [1, 9.375, 0.5, 9.625], "texture": "#1"},
				"south": {"uv": [10.5, 7.5, 10.25, 7.75], "texture": "#1"},
				"west": {"uv": [5.875, 9.25, 5.375, 9.5], "texture": "#1"},
				"up": {"uv": [6, 9.75, 6.25, 9.25], "texture": "#1"},
				"down": {"uv": [8.375, 9.25, 8.625, 9.75], "texture": "#1"}
			}
		},
		{
			"from": [9.91774, 8.9231, 11.47864],
			"to": [9.91774, 11.6231, 15.47864],
			"rotation": {"angle": -45, "axis": "x", "origin": [8.91603, 8.87872, 10.36442]},
			"faces": {
				"north": {"uv": [1.375, 10.625, 1.375, 11], "texture": "#1"},
				"east": {"uv": [8.375, 5.875, 7.875, 6.25], "texture": "#1"},
				"south": {"uv": [2.875, 10.625, 2.875, 11], "texture": "#1"},
				"west": {"uv": [0.5, 7.125, 0, 7.5], "texture": "#1"},
				"up": {"uv": [3, 11.125, 3, 10.625], "texture": "#1"},
				"down": {"uv": [10.625, 3, 10.625, 3.5], "texture": "#1"}
			}
		},
		{
			"from": [8.50253, 10.30789, 11.47864],
			"to": [11.30253, 10.30789, 15.47864],
			"rotation": {"angle": -45, "axis": "x", "origin": [8.91603, 8.87872, 10.36442]},
			"faces": {
				"north": {"uv": [3.75, 10.625, 3.375, 10.625], "texture": "#1"},
				"east": {"uv": [11.125, 5.125, 10.625, 5.125], "texture": "#1"},
				"south": {"uv": [5.5, 10.625, 5.125, 10.625], "texture": "#1"},
				"west": {"uv": [11.125, 5, 10.625, 5], "texture": "#1"},
				"up": {"uv": [7.875, 7.625, 8.25, 7.125], "texture": "#1"},
				"down": {"uv": [7.875, 7.75, 8.25, 8.25], "texture": "#1"}
			}
		},
		{
			"from": [6.6, 6.11567, 2.436],
			"to": [9.4, 7.91567, 5.236],
			"rotation": {"angle": -22.5, "axis": "x", "origin": [7.4, 7.31567, 3.636]},
			"faces": {
				"north": {"uv": [9.75, 6.75, 10.125, 7], "texture": "#1"},
				"east": {"uv": [9.75, 7.125, 10.125, 7.375], "texture": "#1"},
				"south": {"uv": [9.75, 7.5, 10.125, 7.75], "texture": "#1"},
				"west": {"uv": [9.75, 7.875, 10.125, 8.125], "texture": "#1"},
				"up": {"uv": [9, 2.125, 8.625, 1.75], "texture": "#1"},
				"down": {"uv": [9, 2.25, 8.625, 2.625], "texture": "#1"}
			}
		},
		{
			"from": [7, 5.28982, 3.04195],
			"to": [9, 7.28982, 6.04195],
			"rotation": {"angle": 0, "axis": "y", "origin": [7.29, 6.12021, 4.52296]},
			"faces": {
				"north": {"uv": [10.25, 8.625, 10.5, 8.875], "texture": "#1"},
				"east": {"uv": [9.75, 8.25, 10.125, 8.5], "texture": "#1"},
				"south": {"uv": [10.25, 9.25, 10.5, 9.5], "texture": "#1"},
				"west": {"uv": [9.75, 8.625, 10.125, 8.875], "texture": "#1"},
				"up": {"uv": [5.25, 10.125, 5, 9.75], "texture": "#1"},
				"down": {"uv": [10, 9, 9.75, 9.375], "texture": "#1"}
			}
		}
	],
	"display": {
		"thirdperson_righthand": {
			"rotation": [51.75, -18.94, 1.82],
			"scale": [0.6, 0.6, 0.6]
		},
		"thirdperson_lefthand": {
			"rotation": [51.75, -18.94, 1.82],
			"scale": [0.6, 0.6, 0.6]
		},
		"firstperson_righthand": {
			"rotation": [0, 24, -17.25],
			"translation": [3, 0, 0.75],
			"scale": [0.8, 0.8, 0.8]
		},
		"firstperson_lefthand": {
			"rotation": [0, 24, -17.25],
			"translation": [3, 0, 0.75],
			"scale": [0.8, 0.8, 0.8]
		},
		"gui": {
			"rotation": [-172.74, 52.95, 177.31],
			"translation": [0.5, -1.75, 0],
			"scale": [1.4, 1.4, 1.4]
		},
		"head": {
			"rotation": [24.75, 0, 0],
			"translation": [0, 2, 4.75],
			"scale": [2.3, 2.3, 2.3]
		}
	},
	"groups": [
		{
			"name": "h_head",
			"origin": [8, 6.03848, 7.68473],
			"rotation": [-34, 0, 0],
			"color": 0,
			"children": [
				0,
				1,
				2,
				3,
				4,
				5,
				6,
				7,
				8,
				9,
				10,
				11,
				12,
				{
					"name": "h_horn_left",
					"origin": [6.076, 9.68595, 7.59931],
					"rotation": [-40.70691, -29.65996, 9.80369],
					"color": 0,
					"children": [13, 14, 15]
				},
				{
					"name": "h_horn_left",
					"origin": [6.076, 9.68595, 7.59931],
					"rotation": [-40.70691, -29.65996, 9.80369],
					"color": 0,
					"children": [16, 17, 18]
				},
				19,
				20
			]
		},
		{
			"name": "hitbox",
			"origin": [0, 15, -2],
			"color": 0,
			"children": [21]
		}
	]
}