{
	"credit": "Made with Blockbench",
	"parent": "nocsy_drakonin_head1",
	"texture_size": [256, 256],
	"textures": {
		"2": "nocsy/nocsy_drakonin"
	},
	"elements": [
		{
			"from": [4.5, 5.44514, 2.45729],
			"to": [11.5, 12.44514, 10.45729],
			"rotation": {"angle": 0, "axis": "y", "origin": [8, 8.09514, 6.56351]},
			"faces": {
				"north": {"uv": [2.75, 7.0625, 3.1875, 7.5], "texture": "#2"},
				"east": {"uv": [6.8125, 2.9375, 7.3125, 3.375], "texture": "#2"},
				"south": {"uv": [6.4375, 7.125, 6.875, 7.5625], "texture": "#2"},
				"west": {"uv": [5.875, 6.8125, 6.375, 7.25], "texture": "#2"},
				"up": {"uv": [3.6875, 7.4375, 3.25, 6.9375], "texture": "#2"},
				"down": {"uv": [4.1875, 6.9375, 3.75, 7.4375], "texture": "#2"}
			}
		},
		{
			"from": [4.425, 5.44514, 2.40729],
			"to": [4.425, 12.44514, 4.40729],
			"rotation": {"angle": 0, "axis": "y", "origin": [8, 8.09514, 6.56351]},
			"faces": {
				"north": {"uv": [7.625, 8.125, 7.625, 8.5625], "texture": "#2"},
				"east": {"uv": [9.4375, 9.5625, 9.3125, 10], "texture": "#2"},
				"south": {"uv": [1.5, 10.125, 1.5, 10.5625], "texture": "#2"},
				"west": {"uv": [9.3125, 9.5625, 9.4375, 10], "texture": "#2"},
				"up": {"uv": [5.25, 7.0625, 5.25, 6.9375], "texture": "#2"},
				"down": {"uv": [4.875, 7.75, 4.875, 7.875], "texture": "#2"}
			}
		},
		{
			"from": [11.575, 5.44514, 2.40729],
			"to": [11.575, 12.44514, 4.40729],
			"rotation": {"angle": 0, "axis": "y", "origin": [8, 8.09514, 6.56351]},
			"faces": {
				"north": {"uv": [7.625, 8.125, 7.625, 8.5625], "texture": "#2"},
				"east": {"uv": [9.4375, 9.5625, 9.3125, 10], "texture": "#2"},
				"south": {"uv": [1.5, 10.125, 1.5, 10.5625], "texture": "#2"},
				"west": {"uv": [9.3125, 9.5625, 9.4375, 10], "texture": "#2"},
				"up": {"uv": [5.25, 7.0625, 5.25, 6.9375], "texture": "#2"},
				"down": {"uv": [4.875, 7.75, 4.875, 7.875], "texture": "#2"}
			}
		},
		{
			"from": [4.375, 5.14514, 2.30729],
			"to": [7.375, 12.14514, 2.30729],
			"rotation": {"angle": 0, "axis": "y", "origin": [1.81878, 8.29514, 6.03229]},
			"faces": {
				"north": {"uv": [7.375, 10.625, 7.5625, 11.0625], "texture": "#2"},
				"east": {"uv": [8.1875, 10.1875, 8.1875, 10.625], "texture": "#2"},
				"south": {"uv": [7.5625, 10.625, 7.375, 11.0625], "texture": "#2"},
				"west": {"uv": [8.25, 10.1875, 8.25, 10.625], "texture": "#2"},
				"up": {"uv": [5.6875, 5.125, 5.5, 5.125], "texture": "#2"},
				"down": {"uv": [5.6875, 5.1875, 5.5, 5.1875], "texture": "#2"}
			}
		},
		{
			"name": "eye",
			"from": [4.575, 5.64514, 2.35729],
			"to": [6.075, 13.04514, 2.35729],
			"rotation": {"angle": 0, "axis": "y", "origin": [1.81878, 8.29514, 6.03229]},
			"faces": {
				"north": {"uv": [7, 10.625, 7.1875, 11.0625], "texture": "#2"},
				"east": {"uv": [8.1875, 10.1875, 8.1875, 10.625], "texture": "#2"},
				"south": {"uv": [7.1875, 10.625, 7, 11.0625], "texture": "#2"},
				"west": {"uv": [8.25, 10.1875, 8.25, 10.625], "texture": "#2"},
				"up": {"uv": [5.6875, 5.125, 5.5, 5.125], "texture": "#2"},
				"down": {"uv": [5.6875, 5.1875, 5.5, 5.1875], "texture": "#2"}
			}
		},
		{
			"name": "eye",
			"from": [9.925, 5.64514, 2.35729],
			"to": [11.425, 13.04514, 2.35729],
			"rotation": {"angle": 0, "axis": "y", "origin": [14.18122, 8.29514, 6.03229]},
			"faces": {
				"north": {"uv": [7.1875, 10.625, 7, 11.0625], "texture": "#2"},
				"east": {"uv": [8.25, 10.1875, 8.25, 10.625], "texture": "#2"},
				"south": {"uv": [7, 10.625, 7.1875, 11.0625], "texture": "#2"},
				"west": {"uv": [8.1875, 10.1875, 8.1875, 10.625], "texture": "#2"},
				"up": {"uv": [5.5, 5.125, 5.6875, 5.125], "texture": "#2"},
				"down": {"uv": [5.5, 5.1875, 5.6875, 5.1875], "texture": "#2"}
			}
		},
		{
			"from": [4.375, 5.14514, 2.30729],
			"to": [4.375, 12.14514, 4.30729],
			"rotation": {"angle": 0, "axis": "y", "origin": [3.825, 9.04514, 3.30729]},
			"faces": {
				"north": {"uv": [7.625, 8.125, 7.625, 8.5625], "texture": "#2"},
				"east": {"uv": [9.3125, 10.625, 9.4375, 11.0625], "texture": "#2"},
				"south": {"uv": [1.5, 10.125, 1.5, 10.5625], "texture": "#2"},
				"west": {"uv": [9.4375, 10.625, 9.3125, 11.0625], "texture": "#2"},
				"up": {"uv": [5.25, 7.0625, 5.25, 6.9375], "texture": "#2"},
				"down": {"uv": [4.875, 7.75, 4.875, 7.875], "texture": "#2"}
			}
		},
		{
			"from": [3.99232, 5.54514, 2.23117],
			"to": [3.99232, 12.54514, 4.23117],
			"rotation": {"angle": -22.5, "axis": "y", "origin": [3.99232, 8.64514, 3.23117]},
			"faces": {
				"north": {"uv": [7.625, 8.125, 7.625, 8.5625], "texture": "#2"},
				"east": {"uv": [9.3125, 10.625, 9.4375, 11.0625], "texture": "#2"},
				"south": {"uv": [1.5, 10.125, 1.5, 10.5625], "texture": "#2"},
				"west": {"uv": [9.4375, 10.625, 9.3125, 11.0625], "texture": "#2"},
				"up": {"uv": [5.25, 7.0625, 5.25, 6.9375], "texture": "#2"},
				"down": {"uv": [4.875, 7.75, 4.875, 7.875], "texture": "#2"}
			}
		},
		{
			"from": [4.425, 5.44514, 2.40729],
			"to": [7.425, 12.44514, 2.40729],
			"rotation": {"angle": 0, "axis": "y", "origin": [2.31878, 8.09514, 6.03229]},
			"faces": {
				"north": {"uv": [7.3125, 9, 7.5, 9.4375], "texture": "#2"},
				"east": {"uv": [8.1875, 10.1875, 8.1875, 10.625], "texture": "#2"},
				"south": {"uv": [7.5, 9, 7.3125, 9.4375], "texture": "#2"},
				"west": {"uv": [8.25, 10.1875, 8.25, 10.625], "texture": "#2"},
				"up": {"uv": [5.6875, 5.125, 5.5, 5.125], "texture": "#2"},
				"down": {"uv": [5.6875, 5.1875, 5.5, 5.1875], "texture": "#2"}
			}
		},
		{
			"from": [8.625, 5.14514, 2.30729],
			"to": [11.625, 12.14514, 2.30729],
			"rotation": {"angle": 0, "axis": "y", "origin": [14.18122, 8.29514, 6.03229]},
			"faces": {
				"north": {"uv": [7.5625, 10.625, 7.375, 11.0625], "texture": "#2"},
				"east": {"uv": [8.25, 10.1875, 8.25, 10.625], "texture": "#2"},
				"south": {"uv": [7.375, 10.625, 7.5625, 11.0625], "texture": "#2"},
				"west": {"uv": [8.1875, 10.1875, 8.1875, 10.625], "texture": "#2"},
				"up": {"uv": [5.5, 5.125, 5.6875, 5.125], "texture": "#2"},
				"down": {"uv": [5.5, 5.1875, 5.6875, 5.1875], "texture": "#2"}
			}
		},
		{
			"from": [11.625, 5.14514, 2.30729],
			"to": [11.625, 12.14514, 4.30729],
			"rotation": {"angle": 0, "axis": "y", "origin": [12.175, 9.04514, 3.30729]},
			"faces": {
				"north": {"uv": [7.625, 8.125, 7.625, 8.5625], "texture": "#2"},
				"east": {"uv": [9.3125, 10.625, 9.4375, 11.0625], "texture": "#2"},
				"south": {"uv": [1.5, 10.125, 1.5, 10.5625], "texture": "#2"},
				"west": {"uv": [9.4375, 10.625, 9.3125, 11.0625], "texture": "#2"},
				"up": {"uv": [5.25, 7.0625, 5.25, 6.9375], "texture": "#2"},
				"down": {"uv": [4.875, 7.75, 4.875, 7.875], "texture": "#2"}
			}
		},
		{
			"from": [12.00768, 5.54514, 2.23117],
			"to": [12.00768, 12.54514, 4.23117],
			"rotation": {"angle": 22.5, "axis": "y", "origin": [12.00768, 8.64514, 3.23117]},
			"faces": {
				"north": {"uv": [7.625, 8.125, 7.625, 8.5625], "texture": "#2"},
				"east": {"uv": [9.3125, 10.625, 9.4375, 11.0625], "texture": "#2"},
				"south": {"uv": [1.5, 10.125, 1.5, 10.5625], "texture": "#2"},
				"west": {"uv": [9.4375, 10.625, 9.3125, 11.0625], "texture": "#2"},
				"up": {"uv": [5.25, 7.0625, 5.25, 6.9375], "texture": "#2"},
				"down": {"uv": [4.875, 7.75, 4.875, 7.875], "texture": "#2"}
			}
		},
		{
			"from": [8.575, 5.44514, 2.40729],
			"to": [11.575, 12.44514, 2.40729],
			"rotation": {"angle": 0, "axis": "y", "origin": [13.68122, 8.09514, 6.03229]},
			"faces": {
				"north": {"uv": [7.5, 9, 7.3125, 9.4375], "texture": "#2"},
				"east": {"uv": [8.25, 10.1875, 8.25, 10.625], "texture": "#2"},
				"south": {"uv": [7.3125, 9, 7.5, 9.4375], "texture": "#2"},
				"west": {"uv": [8.1875, 10.1875, 8.1875, 10.625], "texture": "#2"},
				"up": {"uv": [5.5, 5.125, 5.6875, 5.125], "texture": "#2"},
				"down": {"uv": [5.5, 5.1875, 5.6875, 5.1875], "texture": "#2"}
			}
		},
		{
			"from": [4, 4.24514, 3.15729],
			"to": [4, 19.24514, 10.15729],
			"rotation": {"angle": -22.5, "axis": "y", "origin": [6.5, 11.74514, 9.95729]},
			"faces": {
				"north": {"uv": [7.375, 10.25, 7.375, 11.1875], "texture": "#2"},
				"east": {"uv": [5.5, 2.625, 5.9375, 3.5625], "texture": "#2"},
				"south": {"uv": [3.8125, 10.3125, 3.8125, 11.25], "texture": "#2"},
				"west": {"uv": [5.5, 3.625, 5.9375, 4.5625], "texture": "#2"},
				"up": {"uv": [3.875, 10.75, 3.875, 10.3125], "texture": "#2"},
				"down": {"uv": [4.9375, 10.3125, 4.9375, 10.75], "texture": "#2"}
			}
		},
		{
			"from": [12, 4.24514, 3.15729],
			"to": [12, 19.24514, 10.15729],
			"rotation": {"angle": 22.5, "axis": "y", "origin": [9.5, 11.74514, 9.95729]},
			"faces": {
				"north": {"uv": [5, 10.3125, 5, 11.25], "texture": "#2"},
				"east": {"uv": [5.75, 4.625, 6.1875, 5.5625], "texture": "#2"},
				"south": {"uv": [6, 10.3125, 6, 11.25], "texture": "#2"},
				"west": {"uv": [5.75, 5.625, 6.1875, 6.5625], "texture": "#2"},
				"up": {"uv": [6.0625, 10.75, 6.0625, 10.3125], "texture": "#2"},
				"down": {"uv": [8.3125, 10.3125, 8.3125, 10.75], "texture": "#2"}
			}
		},
		{
			"from": [14.29162, 3.44514, 4.89676],
			"to": [14.29162, 14.44514, 11.89676],
			"rotation": {"angle": 22.5, "axis": "y", "origin": [11.79162, 4.94514, 11.69676]},
			"faces": {
				"north": {"uv": [8.375, 10.3125, 8.375, 11], "texture": "#2"},
				"east": {"uv": [6.25, 4.5625, 6.6875, 5.25], "texture": "#2"},
				"south": {"uv": [8.4375, 10.3125, 8.4375, 11], "texture": "#2"},
				"west": {"uv": [6.25, 5.3125, 6.6875, 6], "texture": "#2"},
				"up": {"uv": [8.5, 10.75, 8.5, 10.3125], "texture": "#2"},
				"down": {"uv": [9.0625, 10.3125, 9.0625, 10.75], "texture": "#2"}
			}
		},
		{
			"from": [1.70838, 3.44514, 4.89676],
			"to": [1.70838, 14.44514, 11.89676],
			"rotation": {"angle": -22.5, "axis": "y", "origin": [4.20838, 4.94514, 11.69676]},
			"faces": {
				"north": {"uv": [9.125, 10.3125, 9.125, 11], "texture": "#2"},
				"east": {"uv": [6.25, 6.0625, 6.6875, 6.75], "texture": "#2"},
				"south": {"uv": [9.1875, 10.3125, 9.1875, 11], "texture": "#2"},
				"west": {"uv": [2.75, 6.3125, 3.1875, 7], "texture": "#2"},
				"up": {"uv": [9.25, 10.75, 9.25, 10.3125], "texture": "#2"},
				"down": {"uv": [10.3125, 10.125, 10.3125, 10.5625], "texture": "#2"}
			}
		},
		{
			"from": [4.40988, 9.52136, 6.04124],
			"to": [7.40988, 13.52136, 13.04124],
			"rotation": {"angle": -22.5, "axis": "x", "origin": [8.32268, 8.34541, 12.20509]},
			"faces": {
				"north": {"uv": [6.1875, 7.3125, 6.375, 7.5625], "texture": "#2"},
				"east": {"uv": [8.1875, 4.1875, 8.625, 4.4375], "texture": "#2"},
				"south": {"uv": [7.9375, 8.375, 8.125, 8.625], "texture": "#2"},
				"west": {"uv": [8.1875, 7.625, 8.625, 7.875], "texture": "#2"},
				"up": {"uv": [4.0625, 9.5, 3.875, 9.0625], "texture": "#2"},
				"down": {"uv": [4.3125, 9.0625, 4.125, 9.5], "texture": "#2"}
			}
		},
		{
			"from": [4.89015, 10.52015, 11.51215],
			"to": [7.49015, 13.12015, 17.11215],
			"rotation": {"angle": -45, "axis": "x", "origin": [8.32268, 8.34541, 12.20509]},
			"faces": {
				"north": {"uv": [10.125, 6.3125, 10.3125, 6.5], "texture": "#2"},
				"east": {"uv": [9.3125, 8.3125, 9.6875, 8.5], "texture": "#2"},
				"south": {"uv": [6.375, 10.125, 6.5625, 10.3125], "texture": "#2"},
				"west": {"uv": [9.375, 6.375, 9.75, 6.5625], "texture": "#2"},
				"up": {"uv": [1.75, 9.5625, 1.5625, 9.1875], "texture": "#2"},
				"down": {"uv": [4.5625, 9.5, 4.375, 9.875], "texture": "#2"}
			}
		},
		{
			"from": [6.19015, 10.52015, 17.11215],
			"to": [6.19015, 13.12015, 23.11215],
			"rotation": {"angle": -45, "axis": "x", "origin": [8.32268, 8.34541, 12.20509]},
			"faces": {
				"north": {"uv": [4.9375, 7.75, 4.9375, 7.9375], "texture": "#2"},
				"east": {"uv": [5.6875, 9.5, 6.0625, 9.6875], "texture": "#2"},
				"south": {"uv": [8.4375, 0.875, 8.4375, 1.0625], "texture": "#2"},
				"west": {"uv": [9.5, 6.625, 9.875, 6.8125], "texture": "#2"},
				"up": {"uv": [5.6875, 9.4375, 5.6875, 9.0625], "texture": "#2"},
				"down": {"uv": [5.75, 9.0625, 5.75, 9.4375], "texture": "#2"}
			}
		},
		{
			"from": [10.89319, 11.76802, 17.11215],
			"to": [10.89319, 11.76802, 23.11215],
			"rotation": {"angle": -45, "axis": "x", "origin": [8.32268, 8.34541, 12.20509]},
			"faces": {
				"north": {"uv": [6, 4.5625, 6.1875, 4.5625], "texture": "#2"},
				"east": {"uv": [8.625, 3.0625, 9, 3.0625], "texture": "#2"},
				"south": {"uv": [6.8125, 3.6875, 7, 3.6875], "texture": "#2"},
				"west": {"uv": [9.4375, 7.0625, 9.8125, 7.0625], "texture": "#2"},
				"up": {"uv": [6.875, 9.875, 6.6875, 9.5], "texture": "#2"},
				"down": {"uv": [6.9375, 9.875, 7.125, 9.5], "texture": "#2"}
			}
		},
		{
			"from": [10.39012, 9.52136, 6.04124],
			"to": [13.39012, 13.52136, 13.04124],
			"rotation": {"angle": -22.5, "axis": "x", "origin": [7.67732, 8.34541, 12.20509]},
			"faces": {
				"north": {"uv": [6.375, 7.3125, 6.1875, 7.5625], "texture": "#2"},
				"east": {"uv": [8.625, 7.625, 8.1875, 7.875], "texture": "#2"},
				"south": {"uv": [8.125, 8.375, 7.9375, 8.625], "texture": "#2"},
				"west": {"uv": [8.625, 4.1875, 8.1875, 4.4375], "texture": "#2"},
				"up": {"uv": [3.875, 9.5, 4.0625, 9.0625], "texture": "#2"},
				"down": {"uv": [4.125, 9.0625, 4.3125, 9.5], "texture": "#2"}
			}
		},
		{
			"from": [10.30985, 10.52015, 11.51215],
			"to": [12.90985, 13.12015, 17.11215],
			"rotation": {"angle": -45, "axis": "x", "origin": [7.67732, 8.34541, 12.20509]},
			"faces": {
				"north": {"uv": [10.3125, 6.3125, 10.125, 6.5], "texture": "#2"},
				"east": {"uv": [9.75, 6.375, 9.375, 6.5625], "texture": "#2"},
				"south": {"uv": [6.5625, 10.125, 6.375, 10.3125], "texture": "#2"},
				"west": {"uv": [9.6875, 8.3125, 9.3125, 8.5], "texture": "#2"},
				"up": {"uv": [1.5625, 9.5625, 1.75, 9.1875], "texture": "#2"},
				"down": {"uv": [4.375, 9.5, 4.5625, 9.875], "texture": "#2"}
			}
		},
		{
			"from": [11.60985, 10.52015, 17.11215],
			"to": [11.60985, 13.12015, 23.11215],
			"rotation": {"angle": -45, "axis": "x", "origin": [7.67732, 8.34541, 12.20509]},
			"faces": {
				"north": {"uv": [4.9375, 7.75, 4.9375, 7.9375], "texture": "#2"},
				"east": {"uv": [9.875, 6.625, 9.5, 6.8125], "texture": "#2"},
				"south": {"uv": [8.4375, 0.875, 8.4375, 1.0625], "texture": "#2"},
				"west": {"uv": [6.0625, 9.5, 5.6875, 9.6875], "texture": "#2"},
				"up": {"uv": [5.6875, 9.4375, 5.6875, 9.0625], "texture": "#2"},
				"down": {"uv": [5.75, 9.0625, 5.75, 9.4375], "texture": "#2"}
			}
		},
		{
			"from": [6.90681, 11.76802, 17.11215],
			"to": [6.90681, 11.76802, 23.11215],
			"rotation": {"angle": -45, "axis": "x", "origin": [7.67732, 8.34541, 12.20509]},
			"faces": {
				"north": {"uv": [6.1875, 4.5625, 6, 4.5625], "texture": "#2"},
				"east": {"uv": [9.8125, 7.0625, 9.4375, 7.0625], "texture": "#2"},
				"south": {"uv": [7, 3.6875, 6.8125, 3.6875], "texture": "#2"},
				"west": {"uv": [9, 3.0625, 8.625, 3.0625], "texture": "#2"},
				"up": {"uv": [6.6875, 9.875, 6.875, 9.5], "texture": "#2"},
				"down": {"uv": [7.125, 9.875, 6.9375, 9.5], "texture": "#2"}
			}
		},
		{
			"from": [5.5, 7.17874, -1.3957],
			"to": [10.5, 9.17874, 3.6043],
			"rotation": {"angle": -22.5, "axis": "x", "origin": [8, 7.67874, 1.1043]},
			"faces": {
				"north": {"uv": [5.875, 6.625, 6.1875, 6.75], "texture": "#2"},
				"east": {"uv": [9.9375, 9.6875, 10.25, 9.8125], "texture": "#2"},
				"south": {"uv": [10.0625, 2.5, 10.375, 2.625], "texture": "#2"},
				"west": {"uv": [10.0625, 2.6875, 10.375, 2.8125], "texture": "#2"},
				"up": {"uv": [8.8125, 6.5625, 8.5, 6.25], "texture": "#2"},
				"down": {"uv": [8.8125, 8.25, 8.5, 8.5625], "texture": "#2"}
			}
		},
		{
			"from": [9.8, 7.17874, -1.3957],
			"to": [9.8, 14.17874, 2.6043],
			"rotation": {"angle": 22.5, "axis": "y", "origin": [10.5, 10.67874, 1.1043]},
			"faces": {
				"north": {"uv": [0.125, 10.375, 0.125, 10.8125], "texture": "#2"},
				"east": {"uv": [1, 8.25, 1.25, 8.6875], "texture": "#2"},
				"south": {"uv": [0.1875, 10.375, 0.1875, 10.8125], "texture": "#2"},
				"west": {"uv": [1.3125, 8.25, 1.5625, 8.6875], "texture": "#2"},
				"up": {"uv": [7.5625, 8.9375, 7.5625, 8.6875], "texture": "#2"},
				"down": {"uv": [4.8125, 8.75, 4.8125, 9], "texture": "#2"}
			}
		},
		{
			"from": [6.2, 7.17874, -1.3957],
			"to": [6.2, 14.17874, 2.6043],
			"rotation": {"angle": -22.5, "axis": "y", "origin": [5.5, 10.67874, 1.1043]},
			"faces": {
				"north": {"uv": [0.5, 10.375, 0.5, 10.8125], "texture": "#2"},
				"east": {"uv": [1.625, 8.25, 1.875, 8.6875], "texture": "#2"},
				"south": {"uv": [0.5625, 10.375, 0.5625, 10.8125], "texture": "#2"},
				"west": {"uv": [1.9375, 8.25, 2.1875, 8.6875], "texture": "#2"},
				"up": {"uv": [8.375, 9, 8.375, 8.75], "texture": "#2"},
				"down": {"uv": [8.4375, 8.75, 8.4375, 9], "texture": "#2"}
			}
		},
		{
			"from": [5, 8.17874, -1.4957],
			"to": [11, 10.17874, 0.5043],
			"rotation": {"angle": -45, "axis": "x", "origin": [8.5, 7.67874, 1.1043]},
			"faces": {
				"north": {"uv": [8.0625, 9.6875, 8.4375, 9.8125], "texture": "#2"},
				"east": {"uv": [2.5625, 8.375, 2.6875, 8.5], "texture": "#2"},
				"south": {"uv": [9.6875, 8.875, 10.0625, 9], "texture": "#2"},
				"west": {"uv": [4.0625, 8.5625, 4.1875, 8.6875], "texture": "#2"},
				"up": {"uv": [9.875, 9.8125, 9.5, 9.6875], "texture": "#2"},
				"down": {"uv": [0.625, 9.75, 0.25, 9.875], "texture": "#2"}
			}
		},
		{
			"from": [6.5, 8.43775, -0.97147],
			"to": [9.5, 10.43775, 6.02853],
			"rotation": {"angle": -22.5, "axis": "x", "origin": [8, 9.43775, 2.52853]},
			"faces": {
				"north": {"uv": [5, 7.5, 5.1875, 7.625], "texture": "#2"},
				"east": {"uv": [2.75, 7.5625, 3.1875, 7.6875], "texture": "#2"},
				"south": {"uv": [3.375, 8, 3.5625, 8.125], "texture": "#2"},
				"west": {"uv": [9.6875, 1.0625, 10.125, 1.1875], "texture": "#2"},
				"up": {"uv": [7.75, 9.5, 7.5625, 9.0625], "texture": "#2"},
				"down": {"uv": [8, 9.0625, 7.8125, 9.5], "texture": "#2"}
			}
		},
		{
			"from": [6, 5.75486, -1.21301],
			"to": [10, 7.75486, 4.78699],
			"rotation": {"angle": 0, "axis": "y", "origin": [6.5, 6.90486, 2.0932]},
			"faces": {
				"north": {"uv": [10.1875, 9.5, 10.4375, 9.625], "texture": "#2"},
				"east": {"uv": [9.75, 1.25, 10.125, 1.375], "texture": "#2"},
				"south": {"uv": [10.3125, 3.375, 10.5625, 3.5], "texture": "#2"},
				"west": {"uv": [9.75, 1.4375, 10.125, 1.5625], "texture": "#2"},
				"up": {"uv": [5.4375, 9, 5.1875, 8.625], "texture": "#2"},
				"down": {"uv": [5.75, 8.625, 5.5, 9], "texture": "#2"}
			}
		},
		{
			"from": [6, 2.75486, -1.21301],
			"to": [6, 5.75486, 4.78699],
			"rotation": {"angle": 0, "axis": "y", "origin": [6.5, 6.90486, 2.0932]},
			"faces": {
				"north": {"uv": [4.75, 9.1875, 4.75, 9.375], "texture": "#2"},
				"east": {"uv": [5.125, 9.5625, 5.5, 9.75], "texture": "#2"},
				"south": {"uv": [6.6875, 9.25, 6.6875, 9.4375], "texture": "#2"},
				"west": {"uv": [9.5625, 5.125, 9.9375, 5.3125], "texture": "#2"},
				"up": {"uv": [0.625, 10.75, 0.625, 10.375], "texture": "#2"},
				"down": {"uv": [0.6875, 10.375, 0.6875, 10.75], "texture": "#2"}
			}
		},
		{
			"from": [10, 2.75486, -1.21301],
			"to": [10, 5.75486, 4.78699],
			"rotation": {"angle": 0, "axis": "y", "origin": [9.5, 6.90486, 2.0932]},
			"faces": {
				"north": {"uv": [6.75, 9.25, 6.75, 9.4375], "texture": "#2"},
				"east": {"uv": [6.125, 9.5625, 6.5, 9.75], "texture": "#2"},
				"south": {"uv": [4.625, 9.5, 4.625, 9.6875], "texture": "#2"},
				"west": {"uv": [7.4375, 9.5625, 7.8125, 9.75], "texture": "#2"},
				"up": {"uv": [0.75, 10.75, 0.75, 10.375], "texture": "#2"},
				"down": {"uv": [0.8125, 10.375, 0.8125, 10.75], "texture": "#2"}
			}
		},
		{
			"from": [6, 2.75486, -1.21301],
			"to": [10, 5.75486, -1.21301],
			"rotation": {"angle": 0, "axis": "y", "origin": [6.5, 6.90486, 2.0932]},
			"faces": {
				"north": {"uv": [6.5, 2.375, 6.75, 2.5625], "texture": "#2"},
				"east": {"uv": [4.6875, 9.5, 4.6875, 9.6875], "texture": "#2"},
				"south": {"uv": [8.1875, 2.125, 8.4375, 2.3125], "texture": "#2"},
				"west": {"uv": [4.3125, 9.5625, 4.3125, 9.75], "texture": "#2"},
				"up": {"uv": [5.6875, 7.6875, 5.4375, 7.6875], "texture": "#2"},
				"down": {"uv": [5.6875, 7.75, 5.4375, 7.75], "texture": "#2"}
			}
		}
	],
	"display": {
		"thirdperson_righthand": {
			"rotation": [51.75, -18.94, 1.82],
			"scale": [0.6, 0.6, 0.6]
		},
		"thirdperson_lefthand": {
			"rotation": [51.75, -18.94, 1.82],
			"scale": [0.6, 0.6, 0.6]
		},
		"firstperson_righthand": {
			"rotation": [0, 24, -17.25],
			"translation": [3, 0, 0.75],
			"scale": [0.8, 0.8, 0.8]
		},
		"firstperson_lefthand": {
			"rotation": [0, 24, -17.25],
			"translation": [3, 0, 0.75],
			"scale": [0.8, 0.8, 0.8]
		},
		"gui": {
			"rotation": [-172.74, 52.95, 177.31],
			"translation": [0.5, -2.5, 0],
			"scale": [0.85, 0.85, 0.85]
		},
		"head": {
			"rotation": [24.75, 0, 0],
			"translation": [0, 2, 4.75],
			"scale": [2.3, 2.3, 2.3]
		}
	},
	"groups": [
		{
			"name": "h_head",
			"origin": [8, 5.38463, 7.02729],
			"rotation": [-34, 0, 0],
			"color": 0,
			"children": [
				0,
				1,
				2,
				3,
				4,
				5,
				6,
				7,
				8,
				9,
				10,
				11,
				12,
				13,
				14,
				15,
				16,
				{
					"name": "h_horn_left",
					"origin": [5.2, 11.67337, 5.5007],
					"rotation": [-24.02034, -25.82069, 6.18325],
					"color": 0,
					"children": [17, 18, 19, 20]
				},
				{
					"name": "h_horn_left",
					"origin": [5.2, 11.67337, 5.5007],
					"rotation": [-24.02034, -25.82069, 6.18325],
					"color": 0,
					"children": [21, 22, 23, 24]
				},
				25,
				26,
				27,
				28,
				29,
				30,
				31,
				32,
				33
			]
		}
	]
}