{
	"credit": "Made with Blockbench",
	"parent": "nocsy_drakonin_head4",
	"texture_size": [256, 256],
	"textures": {
		"2": "nocsy/nocsy_drakonin4"
	},
	"elements": [
		{
			"from": [4.18603, -0.54794, 3.83159],
			"to": [4.18603, 3.45206, 11.83159],
			"rotation": {"angle": -22.5, "axis": "z", "origin": [3.78603, 2.55206, 7.83159]},
			"faces": {
				"north": {"uv": [6.5, 7.0625, 6.5, 7.3125], "texture": "#2"},
				"east": {"uv": [7.9375, 2.125, 8.4375, 2.375], "texture": "#2"},
				"south": {"uv": [8.3125, 2.75, 8.3125, 3], "texture": "#2"},
				"west": {"uv": [3.625, 7.9375, 4.125, 8.1875], "texture": "#2"},
				"up": {"uv": [8.375, 10.5, 8.375, 10], "texture": "#2"},
				"down": {"uv": [9.125, 10, 9.125, 10.5], "texture": "#2"}
			}
		},
		{
			"from": [11.81397, -0.54794, 3.83159],
			"to": [11.81397, 3.45206, 11.83159],
			"rotation": {"angle": 22.5, "axis": "z", "origin": [12.21397, 2.55206, 7.83159]},
			"faces": {
				"north": {"uv": [8.5, 2.125, 8.5, 2.375], "texture": "#2"},
				"east": {"uv": [6, 7.9375, 6.5, 8.1875], "texture": "#2"},
				"south": {"uv": [8.5625, 2.125, 8.5625, 2.375], "texture": "#2"},
				"west": {"uv": [6.5625, 7.9375, 7.0625, 8.1875], "texture": "#2"},
				"up": {"uv": [9.1875, 10.5, 9.1875, 10], "texture": "#2"},
				"down": {"uv": [9.25, 10, 9.25, 10.5], "texture": "#2"}
			}
		},
		{
			"from": [4.5, 3.23048, 3.83159],
			"to": [11.5, 10.23048, 13.83159],
			"rotation": {"angle": 0, "axis": "y", "origin": [8, 5.88048, 7.93781]},
			"faces": {
				"north": {"uv": [5, 6.875, 5.4375, 7.3125], "texture": "#2"},
				"east": {"uv": [5.5, 2.1875, 6.125, 2.625], "texture": "#2"},
				"south": {"uv": [6.875, 5.9375, 7.3125, 6.375], "texture": "#2"},
				"west": {"uv": [5.5, 2.6875, 6.125, 3.125], "texture": "#2"},
				"up": {"uv": [5.9375, 3.8125, 5.5, 3.1875], "texture": "#2"},
				"down": {"uv": [5.9375, 3.875, 5.5, 4.5], "texture": "#2"}
			}
		},
		{
			"from": [10.52487, 4.73048, 6.13146],
			"to": [17.52487, 11.73048, 6.13146],
			"rotation": {"angle": -45, "axis": "y", "origin": [14.02487, 7.23048, 6.13146]},
			"faces": {
				"north": {"uv": [6.5625, 6.875, 7, 7.3125], "texture": "#2"},
				"east": {"uv": [9.3125, 10, 9.3125, 10.4375], "texture": "#2"},
				"south": {"uv": [6.9375, 0, 7.375, 0.4375], "texture": "#2"},
				"west": {"uv": [9.375, 10, 9.375, 10.4375], "texture": "#2"},
				"up": {"uv": [5.9375, 5.125, 5.5, 5.125], "texture": "#2"},
				"down": {"uv": [5.9375, 5.1875, 5.5, 5.1875], "texture": "#2"}
			}
		},
		{
			"from": [3.5, 12.41032, 4.79038],
			"to": [12.5, 12.41032, 8.79038],
			"rotation": {"angle": -22.5, "axis": "x", "origin": [7, 8.91032, 9.79038]},
			"faces": {
				"north": {"uv": [7.5625, 7.3125, 8.125, 7.3125], "texture": "#2"},
				"east": {"uv": [6.3125, 0.5, 6.5625, 0.5], "texture": "#2"},
				"south": {"uv": [7.8125, 4, 8.375, 4], "texture": "#2"},
				"west": {"uv": [6.0625, 6.375, 6.3125, 6.375], "texture": "#2"},
				"up": {"uv": [8.125, 7.125, 7.5625, 6.875], "texture": "#2"},
				"down": {"uv": [4.1875, 7.625, 3.625, 7.875], "texture": "#2"}
			}
		},
		{
			"from": [3.5, 13.17565, 6.94165],
			"to": [12.5, 13.17565, 10.94165],
			"rotation": {"angle": -45, "axis": "x", "origin": [7, 13.17565, 8.94165]},
			"faces": {
				"north": {"uv": [8.4375, 4, 9, 4], "texture": "#2"},
				"east": {"uv": [6.0625, 6.4375, 6.3125, 6.4375], "texture": "#2"},
				"south": {"uv": [8.5625, 3.8125, 9.125, 3.8125], "texture": "#2"},
				"west": {"uv": [6.625, 5.3125, 6.875, 5.3125], "texture": "#2"},
				"up": {"uv": [6.5625, 7.875, 6, 7.625], "texture": "#2"},
				"down": {"uv": [7.1875, 7.625, 6.625, 7.875], "texture": "#2"}
			}
		},
		{
			"from": [3.5, 12.60303, 6.48643],
			"to": [12.5, 12.60303, 10.48643],
			"rotation": {"angle": -45, "axis": "x", "origin": [8, 12.98575, 10.4105]},
			"faces": {
				"north": {"uv": [8.625, 7.125, 9.1875, 7.125], "texture": "#2"},
				"east": {"uv": [6.625, 5.375, 6.875, 5.375], "texture": "#2"},
				"south": {"uv": [9.0625, 4, 9.625, 4], "texture": "#2"},
				"west": {"uv": [6.875, 6.4375, 7.125, 6.4375], "texture": "#2"},
				"up": {"uv": [7.8125, 7.875, 7.25, 7.625], "texture": "#2"},
				"down": {"uv": [4.8125, 7.6875, 4.25, 7.9375], "texture": "#2"}
			}
		},
		{
			"from": [3.5, 12.61728, 11.49947],
			"to": [12.5, 16.61728, 11.49947],
			"rotation": {"angle": 22.5, "axis": "x", "origin": [8, 14.61728, 11.49947]},
			"faces": {
				"north": {"uv": [4.875, 7.6875, 5.4375, 7.9375], "texture": "#2"},
				"east": {"uv": [6.8125, 8.5625, 6.8125, 8.8125], "texture": "#2"},
				"south": {"uv": [7.75, 3.0625, 8.3125, 3.3125], "texture": "#2"},
				"west": {"uv": [6.875, 8.5625, 6.875, 8.8125], "texture": "#2"},
				"up": {"uv": [9.75, 3.8125, 9.1875, 3.8125], "texture": "#2"},
				"down": {"uv": [10.375, 1.875, 9.8125, 1.875], "texture": "#2"}
			}
		},
		{
			"from": [8.55, 3.73048, 3.65659],
			"to": [11.55, 10.73048, 3.65659],
			"rotation": {"angle": 0, "axis": "y", "origin": [8.05, 5.88048, 7.76281]},
			"faces": {
				"north": {"uv": [7.5, 8.9375, 7.6875, 9.375], "texture": "#2"},
				"east": {"uv": [9.4375, 10, 9.4375, 10.4375], "texture": "#2"},
				"south": {"uv": [7.75, 8.9375, 7.9375, 9.375], "texture": "#2"},
				"west": {"uv": [9.5, 10, 9.5, 10.4375], "texture": "#2"},
				"up": {"uv": [5.1875, 6.3125, 5, 6.3125], "texture": "#2"},
				"down": {"uv": [7, 2.625, 6.8125, 2.625], "texture": "#2"}
			}
		},
		{
			"from": [4.45, 3.73048, 3.65659],
			"to": [7.45, 10.73048, 3.65659],
			"rotation": {"angle": 0, "axis": "y", "origin": [7.95, 5.88048, 7.76281]},
			"faces": {
				"north": {"uv": [8.625, 8.9375, 8.8125, 9.375], "texture": "#2"},
				"east": {"uv": [9.5625, 10, 9.5625, 10.4375], "texture": "#2"},
				"south": {"uv": [8.875, 8.9375, 9.0625, 9.375], "texture": "#2"},
				"west": {"uv": [0.375, 10.0625, 0.375, 10.5], "texture": "#2"},
				"up": {"uv": [7, 2.6875, 6.8125, 2.6875], "texture": "#2"},
				"down": {"uv": [5.1875, 7.375, 5, 7.375], "texture": "#2"}
			}
		},
		{
			"from": [-1.52487, 4.73048, 6.13146],
			"to": [5.47513, 11.73048, 6.13146],
			"rotation": {"angle": 45, "axis": "y", "origin": [1.97513, 7.23048, 6.13146]},
			"faces": {
				"north": {"uv": [6.9375, 5.3125, 7.375, 5.75], "texture": "#2"},
				"east": {"uv": [0.4375, 10.0625, 0.4375, 10.5], "texture": "#2"},
				"south": {"uv": [5.5, 6.9375, 5.9375, 7.375], "texture": "#2"},
				"west": {"uv": [0.5, 10.0625, 0.5, 10.5], "texture": "#2"},
				"up": {"uv": [6.4375, 7.5625, 6, 7.5625], "texture": "#2"},
				"down": {"uv": [9.6875, 7.125, 9.25, 7.125], "texture": "#2"}
			}
		},
		{
			"from": [4.45, 3.73048, 3.75659],
			"to": [7.45, 10.73048, 3.75659],
			"rotation": {"angle": 0, "axis": "y", "origin": [7.95, 5.88048, 7.86281]},
			"faces": {
				"north": {"uv": [0, 9, 0.1875, 9.4375], "texture": "#2"},
				"east": {"uv": [0.5625, 10.0625, 0.5625, 10.5], "texture": "#2"},
				"south": {"uv": [0.25, 9, 0.4375, 9.4375], "texture": "#2"},
				"west": {"uv": [0.625, 10.0625, 0.625, 10.5], "texture": "#2"},
				"up": {"uv": [5.4375, 7.375, 5.25, 7.375], "texture": "#2"},
				"down": {"uv": [4.4375, 7.625, 4.25, 7.625], "texture": "#2"}
			}
		},
		{
			"from": [8.55, 3.73048, 3.75659],
			"to": [11.55, 10.73048, 3.75659],
			"rotation": {"angle": 0, "axis": "y", "origin": [10.05, 7.23048, 3.75659]},
			"faces": {
				"north": {"uv": [0.5, 9, 0.6875, 9.4375], "texture": "#2"},
				"east": {"uv": [0.6875, 10.0625, 0.6875, 10.5], "texture": "#2"},
				"south": {"uv": [0.75, 9, 0.9375, 9.4375], "texture": "#2"},
				"west": {"uv": [0.75, 10.0625, 0.75, 10.5], "texture": "#2"},
				"up": {"uv": [8, 6.8125, 7.8125, 6.8125], "texture": "#2"},
				"down": {"uv": [8.1875, 3, 8, 3], "texture": "#2"}
			}
		},
		{
			"from": [5.45, 3.13048, 3.65659],
			"to": [5.95, 8.93048, 3.65659],
			"rotation": {"angle": 0, "axis": "y", "origin": [7.95, 5.88048, 7.86281]},
			"faces": {
				"north": {"uv": [6.0625, 1.6875, 6.125, 2.0625], "texture": "#2"},
				"east": {"uv": [0.8125, 10.0625, 0.8125, 10.4375], "texture": "#2"},
				"south": {"uv": [5.5, 9.8125, 5.5625, 10.1875], "texture": "#2"},
				"west": {"uv": [0.875, 10.0625, 0.875, 10.4375], "texture": "#2"},
				"up": {"uv": [6.125, 2.125, 6.0625, 2.125], "texture": "#2"},
				"down": {"uv": [6.6875, 1.625, 6.625, 1.625], "texture": "#2"}
			}
		},
		{
			"from": [10.05, 3.13048, 3.65659],
			"to": [10.55, 8.93048, 3.65659],
			"rotation": {"angle": 0, "axis": "y", "origin": [8.05, 5.88048, 7.86281]},
			"faces": {
				"north": {"uv": [7.125, 9.8125, 7.1875, 10.1875], "texture": "#2"},
				"east": {"uv": [0.9375, 10.0625, 0.9375, 10.4375], "texture": "#2"},
				"south": {"uv": [8.0625, 9.8125, 8.125, 10.1875], "texture": "#2"},
				"west": {"uv": [1, 10.0625, 1, 10.4375], "texture": "#2"},
				"up": {"uv": [3.9375, 6.8125, 3.875, 6.8125], "texture": "#2"},
				"down": {"uv": [3.8125, 7.0625, 3.75, 7.0625], "texture": "#2"}
			}
		},
		{
			"from": [4.45, 3.73048, 3.75659],
			"to": [4.45, 10.73048, 6.75659],
			"rotation": {"angle": 0, "axis": "y", "origin": [8, 5.88048, 7.93781]},
			"faces": {
				"north": {"uv": [1.0625, 10.0625, 1.0625, 10.5], "texture": "#2"},
				"east": {"uv": [1, 9, 1.1875, 9.4375], "texture": "#2"},
				"south": {"uv": [1.125, 10.0625, 1.125, 10.5], "texture": "#2"},
				"west": {"uv": [1.25, 9, 1.4375, 9.4375], "texture": "#2"},
				"up": {"uv": [6, 4.5, 6, 4.3125], "texture": "#2"},
				"down": {"uv": [6.5625, 4.0625, 6.5625, 4.25], "texture": "#2"}
			}
		},
		{
			"from": [11.55, 3.73048, 3.75659],
			"to": [11.55, 10.73048, 6.75659],
			"rotation": {"angle": 0, "axis": "y", "origin": [8, 5.88048, 7.93781]},
			"faces": {
				"north": {"uv": [1.1875, 10.0625, 1.1875, 10.5], "texture": "#2"},
				"east": {"uv": [1.5, 9, 1.6875, 9.4375], "texture": "#2"},
				"south": {"uv": [1.25, 10.0625, 1.25, 10.5], "texture": "#2"},
				"west": {"uv": [9, 1.625, 9.1875, 2.0625], "texture": "#2"},
				"up": {"uv": [8.1875, 5.75, 8.1875, 5.5625], "texture": "#2"},
				"down": {"uv": [8.25, 5.5625, 8.25, 5.75], "texture": "#2"}
			}
		},
		{
			"from": [6.2, -1.36952, -1.56841],
			"to": [6.2, 5.63048, 7.43159],
			"rotation": {"angle": 0, "axis": "y", "origin": [8, 2.13048, 2.93159]},
			"faces": {
				"north": {"uv": [1.3125, 10.0625, 1.3125, 10.5], "texture": "#2"},
				"east": {"uv": [6.1875, 2.25, 6.75, 2.6875], "texture": "#2"},
				"south": {"uv": [1.375, 10.0625, 1.375, 10.5], "texture": "#2"},
				"west": {"uv": [6.3125, 0, 6.875, 0.4375], "texture": "#2"},
				"up": {"uv": [1.4375, 10.625, 1.4375, 10.0625], "texture": "#2"},
				"down": {"uv": [1.5, 10.0625, 1.5, 10.625], "texture": "#2"}
			}
		},
		{
			"from": [9.8, -1.36952, -1.56841],
			"to": [9.8, 5.63048, 7.43159],
			"rotation": {"angle": 0, "axis": "y", "origin": [8, 2.13048, 2.93159]},
			"faces": {
				"north": {"uv": [1.5625, 10.0625, 1.5625, 10.5], "texture": "#2"},
				"east": {"uv": [2.75, 6.3125, 3.3125, 6.75], "texture": "#2"},
				"south": {"uv": [1.625, 10.0625, 1.625, 10.5], "texture": "#2"},
				"west": {"uv": [3.375, 6.3125, 3.9375, 6.75], "texture": "#2"},
				"up": {"uv": [1.6875, 10.625, 1.6875, 10.0625], "texture": "#2"},
				"down": {"uv": [1.75, 10.0625, 1.75, 10.625], "texture": "#2"}
			}
		},
		{
			"from": [4.18271, 7.94523, 7.28648],
			"to": [7.18271, 11.94523, 14.28648],
			"rotation": {"angle": -22.5, "axis": "x", "origin": [6.42467, 11.95642, 15.89643]},
			"faces": {
				"north": {"uv": [4.75, 9.5, 4.9375, 9.75], "texture": "#2"},
				"east": {"uv": [6.4375, 8.25, 6.875, 8.5], "texture": "#2"},
				"south": {"uv": [5.375, 9.5, 5.5625, 9.75], "texture": "#2"},
				"west": {"uv": [8.25, 7.3125, 8.6875, 7.5625], "texture": "#2"},
				"up": {"uv": [1.9375, 9.4375, 1.75, 9], "texture": "#2"},
				"down": {"uv": [2.1875, 9, 2, 9.4375], "texture": "#2"}
			}
		},
		{
			"from": [4.90199, 10.90065, 10.35547],
			"to": [7.50199, 13.50065, 15.95547],
			"rotation": {"angle": -45, "axis": "x", "origin": [6.42467, 11.95642, 15.89643]},
			"faces": {
				"north": {"uv": [6.125, 9.8125, 6.3125, 10], "texture": "#2"},
				"east": {"uv": [9, 2.125, 9.375, 2.3125], "texture": "#2"},
				"south": {"uv": [6.375, 9.8125, 6.5625, 10], "texture": "#2"},
				"west": {"uv": [9.1875, 8.6875, 9.5625, 8.875], "texture": "#2"},
				"up": {"uv": [6.375, 9.5, 6.1875, 9.125], "texture": "#2"},
				"down": {"uv": [9.4375, 1.625, 9.25, 2], "texture": "#2"}
			}
		},
		{
			"from": [4.91443, 11.29404, 15.05069],
			"to": [7.51443, 17.29404, 15.05069],
			"rotation": {"angle": 22.5, "axis": "x", "origin": [6.42467, 11.95642, 15.89643]},
			"faces": {
				"north": {"uv": [9.4375, 6.625, 9.25, 6.25], "rotation": 180, "texture": "#2"},
				"east": {"uv": [9.125, 5.6875, 9.5, 5.6875], "rotation": 90, "texture": "#2"},
				"south": {"uv": [9.3125, 9.25, 9.125, 9.625], "texture": "#2"},
				"west": {"uv": [9.125, 5.75, 9.5, 5.75], "rotation": 270, "texture": "#2"},
				"up": {"uv": [8.1875, 0.9375, 8.375, 0.9375], "texture": "#2"},
				"down": {"uv": [8.1875, 0.875, 8.375, 0.875], "rotation": 180, "texture": "#2"}
			}
		},
		{
			"from": [6.09311, 11.31536, 13.84969],
			"to": [6.09311, 17.31536, 16.44969],
			"rotation": {"angle": 22.5, "axis": "x", "origin": [6.42467, 11.95642, 15.89643]},
			"faces": {
				"north": {"uv": [1.8125, 10.4375, 1.8125, 10.0625], "rotation": 180, "texture": "#2"},
				"east": {"uv": [9.25, 0, 9.625, 0.1875], "rotation": 90, "texture": "#2"},
				"south": {"uv": [1.875, 10.0625, 1.875, 10.4375], "texture": "#2"},
				"west": {"uv": [9.25, 2.375, 9.625, 2.5625], "rotation": 270, "texture": "#2"},
				"up": {"uv": [6.6875, 8.9375, 6.6875, 9.125], "texture": "#2"},
				"down": {"uv": [5.4375, 8.375, 5.4375, 8.5625], "rotation": 180, "texture": "#2"}
			}
		},
		{
			"from": [8.81729, 7.94523, 7.28648],
			"to": [11.81729, 11.94523, 14.28648],
			"rotation": {"angle": -22.5, "axis": "x", "origin": [9.57533, 11.95642, 15.89643]},
			"faces": {
				"north": {"uv": [4.9375, 9.5, 4.75, 9.75], "texture": "#2"},
				"east": {"uv": [8.6875, 7.3125, 8.25, 7.5625], "texture": "#2"},
				"south": {"uv": [5.5625, 9.5, 5.375, 9.75], "texture": "#2"},
				"west": {"uv": [6.875, 8.25, 6.4375, 8.5], "texture": "#2"},
				"up": {"uv": [1.75, 9.4375, 1.9375, 9], "texture": "#2"},
				"down": {"uv": [2, 9, 2.1875, 9.4375], "texture": "#2"}
			}
		},
		{
			"from": [8.49801, 10.90065, 10.35547],
			"to": [11.09801, 13.50065, 15.95547],
			"rotation": {"angle": -45, "axis": "x", "origin": [9.57533, 11.95642, 15.89643]},
			"faces": {
				"north": {"uv": [6.3125, 9.8125, 6.125, 10], "texture": "#2"},
				"east": {"uv": [9.5625, 8.6875, 9.1875, 8.875], "texture": "#2"},
				"south": {"uv": [6.5625, 9.8125, 6.375, 10], "texture": "#2"},
				"west": {"uv": [9.375, 2.125, 9, 2.3125], "texture": "#2"},
				"up": {"uv": [6.1875, 9.5, 6.375, 9.125], "texture": "#2"},
				"down": {"uv": [9.25, 1.625, 9.4375, 2], "texture": "#2"}
			}
		},
		{
			"from": [8.48557, 11.29404, 15.05069],
			"to": [11.08557, 17.29404, 15.05069],
			"rotation": {"angle": 22.5, "axis": "x", "origin": [9.57533, 11.95642, 15.89643]},
			"faces": {
				"north": {"uv": [9.25, 6.625, 9.4375, 6.25], "rotation": 180, "texture": "#2"},
				"east": {"uv": [9.125, 5.75, 9.5, 5.75], "rotation": 270, "texture": "#2"},
				"south": {"uv": [9.125, 9.25, 9.3125, 9.625], "texture": "#2"},
				"west": {"uv": [9.125, 5.6875, 9.5, 5.6875], "rotation": 90, "texture": "#2"},
				"up": {"uv": [8.375, 0.9375, 8.1875, 0.9375], "texture": "#2"},
				"down": {"uv": [8.375, 0.875, 8.1875, 0.875], "rotation": 180, "texture": "#2"}
			}
		},
		{
			"from": [9.90689, 11.31536, 13.84969],
			"to": [9.90689, 17.31536, 16.44969],
			"rotation": {"angle": 22.5, "axis": "x", "origin": [9.57533, 11.95642, 15.89643]},
			"faces": {
				"north": {"uv": [1.8125, 10.4375, 1.8125, 10.0625], "rotation": 180, "texture": "#2"},
				"east": {"uv": [9.25, 2.5625, 9.625, 2.375], "rotation": 270, "texture": "#2"},
				"south": {"uv": [1.875, 10.0625, 1.875, 10.4375], "texture": "#2"},
				"west": {"uv": [9.25, 0.1875, 9.625, 0], "rotation": 90, "texture": "#2"},
				"up": {"uv": [6.6875, 8.9375, 6.6875, 9.125], "texture": "#2"},
				"down": {"uv": [5.4375, 8.375, 5.4375, 8.5625], "rotation": 180, "texture": "#2"}
			}
		},
		{
			"from": [6.01, 5.17407, -0.0114],
			"to": [9.99, 7.15407, 4.9686],
			"rotation": {"angle": 0, "axis": "y", "origin": [8, 6.16407, 2.4786]},
			"faces": {
				"north": {"uv": [8.3125, 0.3125, 8.5625, 0.4375], "texture": "#2"},
				"east": {"uv": [9.125, 7.6875, 9.4375, 7.8125], "texture": "#2"},
				"south": {"uv": [8.625, 0.6875, 8.875, 0.8125], "texture": "#2"},
				"west": {"uv": [9.625, 0.5, 9.9375, 0.625], "texture": "#2"},
				"up": {"uv": [6.3125, 5.75, 6.0625, 5.4375], "texture": "#2"},
				"down": {"uv": [9.1875, 6.25, 8.9375, 6.5625], "texture": "#2"}
			}
		},
		{
			"from": [6.5, 5.96407, 0.3786],
			"to": [9.5, 7.96407, 5.3786],
			"rotation": {"angle": -22.5, "axis": "x", "origin": [8.5, 6.16407, 2.4786]},
			"faces": {
				"north": {"uv": [7.0625, 3.125, 7.25, 3.25], "texture": "#2"},
				"east": {"uv": [9.75, 2.1875, 10.0625, 2.3125], "texture": "#2"},
				"south": {"uv": [10, 6.1875, 10.1875, 6.3125], "texture": "#2"},
				"west": {"uv": [9.75, 6.5, 10.0625, 6.625], "texture": "#2"},
				"up": {"uv": [6.625, 9.75, 6.4375, 9.4375], "texture": "#2"},
				"down": {"uv": [9.0625, 9.4375, 8.875, 9.75], "texture": "#2"}
			}
		},
		{
			"from": [6, 6.63184, -1.05363],
			"to": [10, 8.63184, 0.94637],
			"rotation": {"angle": -45, "axis": "x", "origin": [7, 6.93184, 1.74637]},
			"faces": {
				"north": {"uv": [9.8125, 5.75, 10.0625, 5.875], "texture": "#2"},
				"east": {"uv": [8.6875, 3.0625, 8.8125, 3.1875], "texture": "#2"},
				"south": {"uv": [10, 0.5, 10.25, 0.625], "texture": "#2"},
				"west": {"uv": [7.0625, 9.1875, 7.1875, 9.3125], "texture": "#2"},
				"up": {"uv": [10.25, 1.5625, 10, 1.4375], "texture": "#2"},
				"down": {"uv": [10.25, 4.5625, 10, 4.6875], "texture": "#2"}
			}
		},
		{
			"from": [6.5, 3.54019, 0.66128],
			"to": [9.5, 5.54019, 5.66128],
			"rotation": {"angle": 0, "axis": "y", "origin": [6, 4.69019, 3.4675]},
			"faces": {
				"north": {"uv": [10, 6.6875, 10.1875, 6.8125], "texture": "#2"},
				"east": {"uv": [9.75, 7.4375, 10.0625, 7.5625], "texture": "#2"},
				"south": {"uv": [10, 6.875, 10.1875, 7], "texture": "#2"},
				"west": {"uv": [0, 9.8125, 0.3125, 9.9375], "texture": "#2"},
				"up": {"uv": [4.4375, 9.8125, 4.25, 9.5], "texture": "#2"},
				"down": {"uv": [4.6875, 9.5, 4.5, 9.8125], "texture": "#2"}
			}
		},
		{
			"from": [6.5, 1.54019, 1.16128],
			"to": [9.5, 5.54019, 1.16128],
			"rotation": {"angle": 0, "axis": "y", "origin": [6, 4.69019, 3.4675]},
			"faces": {
				"north": {"uv": [6.6875, 9.5, 6.875, 9.75], "texture": "#2"},
				"east": {"uv": [2.3125, 9, 2.3125, 9.25], "texture": "#2"},
				"south": {"uv": [9.5, 7.3125, 9.6875, 7.5625], "texture": "#2"},
				"west": {"uv": [6.9375, 9.5, 6.9375, 9.75], "texture": "#2"},
				"up": {"uv": [8.5, 5.6875, 8.3125, 5.6875], "texture": "#2"},
				"down": {"uv": [8.5, 5.75, 8.3125, 5.75], "texture": "#2"}
			}
		}
	],
	"display": {
		"thirdperson_righthand": {
			"rotation": [51.75, -18.94, 1.82],
			"scale": [0.6, 0.6, 0.6]
		},
		"thirdperson_lefthand": {
			"rotation": [51.75, -18.94, 1.82],
			"scale": [0.6, 0.6, 0.6]
		},
		"firstperson_righthand": {
			"rotation": [0, 24, -17.25],
			"translation": [3, 0, 0.75],
			"scale": [0.8, 0.8, 0.8]
		},
		"firstperson_lefthand": {
			"rotation": [0, 24, -17.25],
			"translation": [3, 0, 0.75],
			"scale": [0.8, 0.8, 0.8]
		},
		"gui": {
			"rotation": [-172.74, 52.95, 177.31],
			"translation": [-0.25, -1, 0],
			"scale": [0.9, 0.9, 0.9]
		},
		"head": {
			"rotation": [24.75, 0, 0],
			"translation": [0, 7.75, 1.75],
			"scale": [2.3, 2.3, 2.3]
		}
	},
	"groups": [
		{
			"name": "h_head",
			"origin": [8, 3.16997, 8.40158],
			"rotation": [-25, 0, 0],
			"color": 0,
			"children": [
				0,
				1,
				2,
				3,
				4,
				5,
				6,
				7,
				8,
				9,
				10,
				11,
				12,
				13,
				14,
				15,
				16,
				17,
				18,
				{
					"name": "h_horn_left",
					"origin": [4.5, 8.45871, 8.075],
					"rotation": [-29.96286, -42.80547, 16.59004],
					"color": 0,
					"children": [19, 20, 21, 22]
				},
				{
					"name": "h_horn_left",
					"origin": [4.5, 8.45871, 8.075],
					"rotation": [-29.96286, -42.80547, 16.59004],
					"color": 0,
					"children": [23, 24, 25, 26]
				},
				27,
				28,
				29,
				30,
				31
			]
		}
	]
}