{
	"credit": "Made with Blockbench",
	"parent": "nocsy_drakonin_baby_head2",
	"texture_size": [256, 256],
	"textures": {
		"2": "nocsy/nocsy_drakonin_baby2"
	},
	"elements": [
		{
			"from": [5.5, 1.86018, 4.9293],
			"to": [10.5, 6.86018, 9.9293],
			"rotation": {"angle": 0, "axis": "y", "origin": [8.53, 6.06058, 7.4743]},
			"faces": {
				"north": {"uv": [6.25, 0, 6.875, 0.625], "texture": "#2"},
				"east": {"uv": [6.25, 0.75, 6.875, 1.375], "texture": "#2"},
				"south": {"uv": [6.25, 1.5, 6.875, 2.125], "texture": "#2"},
				"west": {"uv": [6.25, 2.25, 6.875, 2.875], "texture": "#2"},
				"up": {"uv": [6.875, 3.625, 6.25, 3], "texture": "#2"},
				"down": {"uv": [6.875, 3.75, 6.25, 4.375], "texture": "#2"}
			}
		},
		{
			"from": [8, 6.56018, 3.9293],
			"to": [8, 11.56018, 10.9293],
			"rotation": {"angle": 0, "axis": "y", "origin": [6.03, 6.06058, 7.4743]},
			"faces": {
				"north": {"uv": [6.25, 0, 6.875, 0.625], "texture": "#2"},
				"east": {"uv": [11.875, 0, 11, 0.625], "texture": "#2"},
				"south": {"uv": [6.25, 1.5, 6.875, 2.125], "texture": "#2"},
				"west": {"uv": [11, 0, 11.875, 0.625], "texture": "#2"},
				"up": {"uv": [6.875, 3.625, 6.25, 3], "texture": "#2"},
				"down": {"uv": [6.875, 3.75, 6.25, 4.375], "texture": "#2"}
			}
		},
		{
			"from": [9.8, 6.56018, 3.7293],
			"to": [9.8, 11.56018, 10.7293],
			"rotation": {"angle": 22.5, "axis": "y", "origin": [10, 11.06018, 7.4293]},
			"faces": {
				"north": {"uv": [6.25, 0, 6.875, 0.625], "texture": "#2"},
				"east": {"uv": [11.875, 0.875, 11, 1.5], "texture": "#2"},
				"south": {"uv": [6.25, 1.5, 6.875, 2.125], "texture": "#2"},
				"west": {"uv": [11, 0.875, 11.875, 1.5], "texture": "#2"},
				"up": {"uv": [6.875, 3.625, 6.25, 3], "texture": "#2"},
				"down": {"uv": [6.875, 3.75, 6.25, 4.375], "texture": "#2"}
			}
		},
		{
			"from": [6.2, 6.56018, 3.7293],
			"to": [6.2, 11.56018, 10.7293],
			"rotation": {"angle": -22.5, "axis": "y", "origin": [6, 11.06018, 7.4293]},
			"faces": {
				"north": {"uv": [6.875, 0, 6.25, 0.625], "texture": "#2"},
				"east": {"uv": [11.875, 0.875, 11, 1.5], "texture": "#2"},
				"south": {"uv": [6.875, 1.5, 6.25, 2.125], "texture": "#2"},
				"west": {"uv": [11, 0.875, 11.875, 1.5], "texture": "#2"},
				"up": {"uv": [6.25, 3.625, 6.875, 3], "texture": "#2"},
				"down": {"uv": [6.25, 3.75, 6.875, 4.375], "texture": "#2"}
			}
		},
		{
			"from": [5.4265, 2.56018, 4.8003],
			"to": [5.4265, 6.56018, 5.8003],
			"rotation": {"angle": 0, "axis": "y", "origin": [8, 6.26058, 7.4743]},
			"faces": {
				"north": {"uv": [4.5, 10.5, 4.5, 11], "texture": "#2"},
				"east": {"uv": [10.25, 3, 10.375, 3.5], "texture": "#2"},
				"south": {"uv": [0.5, 10.625, 0.5, 11.125], "texture": "#2"},
				"west": {"uv": [10.375, 3, 10.25, 3.5], "texture": "#2"},
				"up": {"uv": [9.375, 2.875, 9.375, 2.75], "texture": "#2"},
				"down": {"uv": [9.375, 3, 9.375, 3.125], "texture": "#2"}
			}
		},
		{
			"from": [5.7255, 2.96018, 4.7753],
			"to": [7.7255, 4.96018, 4.7753],
			"rotation": {"angle": 0, "axis": "y", "origin": [4.66389, 6.26058, 7.16619]},
			"faces": {
				"north": {"uv": [10.5, 5.5, 10.25, 5.75], "texture": "#2"},
				"east": {"uv": [5.75, 10, 5.75, 10.25], "texture": "#2"},
				"south": {"uv": [10.25, 5.5, 10.5, 5.75], "texture": "#2"},
				"west": {"uv": [8.25, 9.375, 8.25, 9.625], "texture": "#2"},
				"up": {"uv": [10.5, 5.375, 10.75, 5.375], "texture": "#2"},
				"down": {"uv": [10.625, 0, 10.875, 0], "texture": "#2"}
			}
		},
		{
			"from": [5.4255, 2.56018, 4.8003],
			"to": [8.4255, 6.56018, 4.8003],
			"rotation": {"angle": 0, "axis": "y", "origin": [5.26389, 6.26058, 7.16619]},
			"faces": {
				"north": {"uv": [7.25, 7.75, 6.875, 8.25], "texture": "#2"},
				"east": {"uv": [1, 10.625, 1, 11.125], "texture": "#2"},
				"south": {"uv": [6.875, 7.75, 7.25, 8.25], "texture": "#2"},
				"west": {"uv": [0.875, 10.625, 0.875, 11.125], "texture": "#2"},
				"up": {"uv": [10.625, 2.625, 11, 2.625], "texture": "#2"},
				"down": {"uv": [10.625, 2.75, 11, 2.75], "texture": "#2"}
			}
		},
		{
			"from": [5.8255, 4.53518, 4.7503],
			"to": [6.1255, 4.83518, 4.7503],
			"rotation": {"angle": 0, "axis": "y", "origin": [4.66389, 6.26058, 7.16619]},
			"faces": {
				"north": {"uv": [8.625, 4.25, 8.5, 4.375], "texture": "#2"},
				"east": {"uv": [9.5, 0.75, 9.5, 0.875], "texture": "#2"},
				"south": {"uv": [8.5, 4.25, 8.625, 4.375], "texture": "#2"},
				"west": {"uv": [0.375, 9.5, 0.375, 9.625], "texture": "#2"},
				"up": {"uv": [7.75, 4.375, 7.875, 4.375], "texture": "#2"},
				"down": {"uv": [1.625, 8.25, 1.75, 8.25], "texture": "#2"}
			}
		},
		{
			"from": [9.4745, 4.53518, 4.7503],
			"to": [9.7745, 4.83518, 4.7503],
			"rotation": {"angle": 0, "axis": "y", "origin": [11.33611, 6.26058, 7.16619]},
			"faces": {
				"north": {"uv": [8.5, 4.25, 8.625, 4.375], "texture": "#2"},
				"east": {"uv": [0.375, 9.5, 0.375, 9.625], "texture": "#2"},
				"south": {"uv": [8.625, 4.25, 8.5, 4.375], "texture": "#2"},
				"west": {"uv": [9.5, 0.75, 9.5, 0.875], "texture": "#2"},
				"up": {"uv": [7.875, 4.375, 7.75, 4.375], "texture": "#2"},
				"down": {"uv": [1.75, 8.25, 1.625, 8.25], "texture": "#2"}
			}
		},
		{
			"from": [7.5745, 2.56018, 4.8003],
			"to": [10.5745, 6.56018, 4.8003],
			"rotation": {"angle": 0, "axis": "y", "origin": [10.73611, 6.26058, 7.16619]},
			"faces": {
				"north": {"uv": [6.875, 7.75, 7.25, 8.25], "texture": "#2"},
				"east": {"uv": [0.875, 10.625, 0.875, 11.125], "texture": "#2"},
				"south": {"uv": [7.25, 7.75, 6.875, 8.25], "texture": "#2"},
				"west": {"uv": [1, 10.625, 1, 11.125], "texture": "#2"},
				"up": {"uv": [11, 2.625, 10.625, 2.625], "texture": "#2"},
				"down": {"uv": [11, 2.75, 10.625, 2.75], "texture": "#2"}
			}
		},
		{
			"from": [8.2745, 2.96018, 4.7753],
			"to": [10.2745, 4.96018, 4.7753],
			"rotation": {"angle": 0, "axis": "y", "origin": [11.33611, 6.26058, 7.16619]},
			"faces": {
				"north": {"uv": [10.25, 5.5, 10.5, 5.75], "texture": "#2"},
				"east": {"uv": [8.25, 9.375, 8.25, 9.625], "texture": "#2"},
				"south": {"uv": [10.5, 5.5, 10.25, 5.75], "texture": "#2"},
				"west": {"uv": [5.75, 10, 5.75, 10.25], "texture": "#2"},
				"up": {"uv": [10.75, 5.375, 10.5, 5.375], "texture": "#2"},
				"down": {"uv": [10.875, 0, 10.625, 0], "texture": "#2"}
			}
		},
		{
			"from": [10.5735, 2.56018, 4.8003],
			"to": [10.5735, 6.56018, 5.8003],
			"rotation": {"angle": 0, "axis": "y", "origin": [8, 6.26058, 7.4743]},
			"faces": {
				"north": {"uv": [4.5, 10.5, 4.5, 11], "texture": "#2"},
				"east": {"uv": [10.25, 3, 10.375, 3.5], "texture": "#2"},
				"south": {"uv": [0.5, 10.625, 0.5, 11.125], "texture": "#2"},
				"west": {"uv": [10.375, 3, 10.25, 3.5], "texture": "#2"},
				"up": {"uv": [9.375, 2.875, 9.375, 2.75], "texture": "#2"},
				"down": {"uv": [9.375, 3, 9.375, 3.125], "texture": "#2"}
			}
		},
		{
			"from": [5.6441, 5.86416, 6.72299],
			"to": [7.6441, 7.86416, 10.72299],
			"rotation": {"angle": -45, "axis": "x", "origin": [6.8052, 8.17865, 10.79485]},
			"faces": {
				"north": {"uv": [10.25, 7.125, 10.5, 7.375], "texture": "#2"},
				"east": {"uv": [5.375, 9.25, 5.875, 9.5], "texture": "#2"},
				"south": {"uv": [10.25, 7.5, 10.5, 7.75], "texture": "#2"},
				"west": {"uv": [0.5, 9.375, 1, 9.625], "texture": "#2"},
				"up": {"uv": [6.25, 9.75, 6, 9.25], "texture": "#2"},
				"down": {"uv": [8.625, 9.25, 8.375, 9.75], "texture": "#2"}
			}
		},
		{
			"from": [5.92134, 6.50183, 10.72534],
			"to": [7.52134, 9.10183, 12.32534],
			"rotation": {"angle": 0, "axis": "x", "origin": [6.8052, 8.17865, 10.79485]},
			"faces": {
				"north": {"uv": [6.25, 9.75, 6, 9.25], "rotation": 180, "texture": "#2"},
				"east": {"uv": [5.875, 9.5, 5.375, 9.25], "rotation": 270, "texture": "#2"},
				"south": {"uv": [8.625, 9.25, 8.375, 9.75], "texture": "#2"},
				"west": {"uv": [1, 9.625, 0.5, 9.375], "rotation": 90, "texture": "#2"},
				"up": {"uv": [10.25, 7.5, 10.5, 7.75], "texture": "#2"},
				"down": {"uv": [10.25, 7.125, 10.5, 7.375], "rotation": 180, "texture": "#2"}
			}
		},
		{
			"from": [6.50877, 8.38057, 10.74839],
			"to": [6.50877, 12.38057, 13.44839],
			"rotation": {"angle": -22.5, "axis": "x", "origin": [6.8052, 8.17865, 10.79485]},
			"faces": {
				"north": {"uv": [3, 11.125, 3, 10.625], "rotation": 180, "texture": "#2"},
				"east": {"uv": [7.875, 6.25, 8.375, 5.875], "rotation": 270, "texture": "#2"},
				"south": {"uv": [10.625, 3, 10.625, 3.5], "texture": "#2"},
				"west": {"uv": [7.875, 5.875, 8.375, 6.25], "rotation": 270, "texture": "#2"},
				"up": {"uv": [2.875, 10.625, 2.875, 11], "texture": "#2"},
				"down": {"uv": [1.375, 10.625, 1.375, 11], "rotation": 180, "texture": "#2"}
			}
		},
		{
			"from": [4.98318, 8.38057, 12.12534],
			"to": [7.48318, 12.38057, 12.12534],
			"rotation": {"angle": -22.5, "axis": "x", "origin": [6.8052, 8.17865, 10.79485]},
			"faces": {
				"north": {"uv": [7.875, 7.75, 8.25, 8.25], "texture": "#2"},
				"east": {"uv": [10.625, 5, 11.125, 5], "rotation": 90, "texture": "#2"},
				"south": {"uv": [8.25, 7.75, 7.875, 8.25], "texture": "#2"},
				"west": {"uv": [10.625, 5.125, 11.125, 5.125], "rotation": 270, "texture": "#2"},
				"up": {"uv": [5.125, 10.625, 5.5, 10.625], "texture": "#2"},
				"down": {"uv": [3.375, 10.625, 3.75, 10.625], "rotation": 180, "texture": "#2"}
			}
		},
		{
			"from": [9.0559, 5.86416, 6.72299],
			"to": [11.0559, 7.86416, 10.72299],
			"rotation": {"angle": -45, "axis": "x", "origin": [9.1948, 8.17865, 10.79485]},
			"faces": {
				"north": {"uv": [10.5, 7.125, 10.25, 7.375], "texture": "#2"},
				"east": {"uv": [1, 9.375, 0.5, 9.625], "texture": "#2"},
				"south": {"uv": [10.5, 7.5, 10.25, 7.75], "texture": "#2"},
				"west": {"uv": [5.875, 9.25, 5.375, 9.5], "texture": "#2"},
				"up": {"uv": [6, 9.75, 6.25, 9.25], "texture": "#2"},
				"down": {"uv": [8.375, 9.25, 8.625, 9.75], "texture": "#2"}
			}
		},
		{
			"from": [9.17866, 6.50183, 10.72534],
			"to": [10.77866, 9.10183, 12.32534],
			"rotation": {"angle": 0, "axis": "x", "origin": [9.1948, 8.17865, 10.79485]},
			"faces": {
				"north": {"uv": [6, 9.75, 6.25, 9.25], "rotation": 180, "texture": "#2"},
				"east": {"uv": [1, 9.375, 0.5, 9.625], "rotation": 90, "texture": "#2"},
				"south": {"uv": [8.375, 9.25, 8.625, 9.75], "texture": "#2"},
				"west": {"uv": [5.875, 9.25, 5.375, 9.5], "rotation": 270, "texture": "#2"},
				"up": {"uv": [10.5, 7.5, 10.25, 7.75], "texture": "#2"},
				"down": {"uv": [10.5, 7.125, 10.25, 7.375], "rotation": 180, "texture": "#2"}
			}
		},
		{
			"from": [10.19123, 8.38057, 10.74839],
			"to": [10.19123, 12.38057, 13.44839],
			"rotation": {"angle": -22.5, "axis": "x", "origin": [9.1948, 8.17865, 10.79485]},
			"faces": {
				"north": {"uv": [3, 11.125, 3, 10.625], "rotation": 180, "texture": "#2"},
				"east": {"uv": [7.875, 6.25, 8.375, 5.875], "rotation": 270, "texture": "#2"},
				"south": {"uv": [10.625, 3, 10.625, 3.5], "texture": "#2"},
				"west": {"uv": [7.875, 5.875, 8.375, 6.25], "rotation": 270, "texture": "#2"},
				"up": {"uv": [2.875, 10.625, 2.875, 11], "texture": "#2"},
				"down": {"uv": [1.375, 10.625, 1.375, 11], "rotation": 180, "texture": "#2"}
			}
		},
		{
			"from": [9.21682, 8.38057, 12.12534],
			"to": [11.71682, 12.38057, 12.12534],
			"rotation": {"angle": -22.5, "axis": "x", "origin": [9.1948, 8.17865, 10.79485]},
			"faces": {
				"north": {"uv": [8.25, 7.75, 7.875, 8.25], "texture": "#2"},
				"east": {"uv": [10.625, 5.125, 11.125, 5.125], "rotation": 270, "texture": "#2"},
				"south": {"uv": [7.875, 7.75, 8.25, 8.25], "texture": "#2"},
				"west": {"uv": [10.625, 5, 11.125, 5], "rotation": 90, "texture": "#2"},
				"up": {"uv": [5.5, 10.625, 5.125, 10.625], "texture": "#2"},
				"down": {"uv": [3.75, 10.625, 3.375, 10.625], "rotation": 180, "texture": "#2"}
			}
		},
		{
			"from": [6.6, 2.76567, 2.49456],
			"to": [9.4, 4.56567, 5.29456],
			"rotation": {"angle": 0, "axis": "y", "origin": [7.4, 5.76567, 3.69456]},
			"faces": {
				"north": {"uv": [9.75, 6.75, 10.125, 7], "texture": "#2"},
				"east": {"uv": [9.75, 7.125, 10.125, 7.375], "texture": "#2"},
				"south": {"uv": [9.75, 7.5, 10.125, 7.75], "texture": "#2"},
				"west": {"uv": [9.75, 7.875, 10.125, 8.125], "texture": "#2"},
				"up": {"uv": [9, 2.125, 8.625, 1.75], "texture": "#2"},
				"down": {"uv": [9, 2.25, 8.625, 2.625], "texture": "#2"}
			}
		},
		{
			"from": [7, 1.93982, 3.10052],
			"to": [9, 3.93982, 6.10052],
			"rotation": {"angle": 0, "axis": "y", "origin": [7.29, 4.57021, 4.58152]},
			"faces": {
				"north": {"uv": [10.25, 8.625, 10.5, 8.875], "texture": "#2"},
				"east": {"uv": [9.75, 8.25, 10.125, 8.5], "texture": "#2"},
				"south": {"uv": [10.25, 9.25, 10.5, 9.5], "texture": "#2"},
				"west": {"uv": [9.75, 8.625, 10.125, 8.875], "texture": "#2"},
				"up": {"uv": [5.25, 10.125, 5, 9.75], "texture": "#2"},
				"down": {"uv": [10, 9, 9.75, 9.375], "texture": "#2"}
			}
		}
	],
	"display": {
		"thirdperson_righthand": {
			"rotation": [51.75, -18.94, 1.82],
			"scale": [0.6, 0.6, 0.6]
		},
		"thirdperson_lefthand": {
			"rotation": [51.75, -18.94, 1.82],
			"scale": [0.6, 0.6, 0.6]
		},
		"firstperson_righthand": {
			"rotation": [0, 24, -17.25],
			"translation": [3, 0, 0.75],
			"scale": [0.8, 0.8, 0.8]
		},
		"firstperson_lefthand": {
			"rotation": [0, 24, -17.25],
			"translation": [3, 0, 0.75],
			"scale": [0.8, 0.8, 0.8]
		},
		"gui": {
			"rotation": [-172.74, 52.95, 177.31],
			"translation": [0.5, 2, 0],
			"scale": [1.4, 1.4, 1.4]
		},
		"head": {
			"rotation": [24.75, 0, 0],
			"translation": [0, 2, 4.75],
			"scale": [2.3, 2.3, 2.3]
		}
	},
	"groups": [
		{
			"name": "h_head",
			"origin": [8, 4.48848, 7.74329],
			"rotation": [-34, 0, 0],
			"color": 0,
			"children": [
				0,
				1,
				2,
				3,
				4,
				5,
				6,
				7,
				8,
				9,
				10,
				11,
				{
					"name": "h_horn_right",
					"origin": [9.924, 7.43595, 7.65787],
					"rotation": [-62.8687, 47.56437, -39.32254],
					"color": 0,
					"children": [12, 13, 14, 15]
				},
				{
					"name": "h_horn_right",
					"origin": [9.924, 7.43595, 7.65787],
					"rotation": [-62.8687, 47.56437, -39.32254],
					"color": 0,
					"children": [16, 17, 18, 19]
				},
				20,
				21
			]
		}
	]
}